-- seed-admin-bdys.sql — Raw admin boundary fixtures for spatial join testing (E1.10)
--
-- These tables mirror the raw_admin_bdys schema that shp2pgsql normally populates
-- from Admin Boundary shapefiles. The geometries are tiny rectangular buffers around
-- each fixture address point, grouped by boundary assignment. This ensures the spatial
-- join in address_full_prep.sql derives the same boundary assignments as the original
-- gnaf-loader boundary tagging.
--
-- The prep SQL (fixtures/prep-admin-bdys.sql) transforms these raw tables into the
-- admin_bdys boundary tables used by the spatial join fallback.
--
-- Generated from: address_principal_admin_boundaries + address_principals.geom
-- Buffer size: 0.00005 degrees (~5.5m) rectangular expand per address point
-- Coordinate precision: snapped to 0.000001 degree grid (~0.11m)

SET search_path TO public;
DROP SCHEMA IF EXISTS raw_admin_bdys_202602 CASCADE;
CREATE SCHEMA raw_admin_bdys_202602;

CREATE TABLE IF NOT EXISTS raw_admin_bdys_202602.aus_state (state_pid text PRIMARY KEY, st_abbrev text NOT NULL);
INSERT INTO raw_admin_bdys_202602.aus_state (state_pid, st_abbrev) VALUES ('STE-VIC', 'VIC');
CREATE TABLE IF NOT EXISTS raw_admin_bdys_202602.aus_comm_electoral (ce_pid text PRIMARY KEY, name text NOT NULL, state_pid text NOT NULL, dt_gazetd text);
INSERT INTO raw_admin_bdys_202602.aus_comm_electoral (ce_pid, name, state_pid) VALUES
('VIC44', 'ASTON', 'STE-VIC'),
('VIC45', 'BALLARAT', 'STE-VIC'),
('VIC46', 'BENDIGO', 'STE-VIC'),
('VIC47', 'BRUCE', 'STE-VIC'),
('VIC48', 'CALWELL', 'STE-VIC'),
('VIC49', 'CASEY', 'STE-VIC'),
('VIC50', 'CHISHOLM', 'STE-VIC'),
('VIC51', 'COOPER', 'STE-VIC'),
('VIC52', 'CORANGAMITE', 'STE-VIC'),
('VIC53', 'CORIO', 'STE-VIC'),
('VIC54', 'DEAKIN', 'STE-VIC'),
('VIC55', 'DUNKLEY', 'STE-VIC'),
('VIC56', 'FLINDERS', 'STE-VIC'),
('VIC57', 'FRASER', 'STE-VIC'),
('VIC58', 'GELLIBRAND', 'STE-VIC'),
('VIC59', 'GIPPSLAND', 'STE-VIC'),
('VIC60', 'GOLDSTEIN', 'STE-VIC'),
('VIC61', 'GORTON', 'STE-VIC'),
('VIC62', 'HAWKE', 'STE-VIC'),
('VIC63', 'HOLT', 'STE-VIC'),
('VIC64', 'HOTHAM', 'STE-VIC'),
('VIC65', 'INDI', 'STE-VIC'),
('VIC66', 'ISAACS', 'STE-VIC'),
('VIC67', 'JAGAJAGA', 'STE-VIC'),
('VIC68', 'KOOYONG', 'STE-VIC'),
('VIC69', 'LA TROBE', 'STE-VIC'),
('VIC70', 'LALOR', 'STE-VIC'),
('VIC71', 'MACNAMARA', 'STE-VIC'),
('VIC72', 'MALLEE', 'STE-VIC'),
('VIC73', 'MARIBYRNONG', 'STE-VIC'),
('VIC74', 'MCEWEN', 'STE-VIC'),
('VIC75', 'MELBOURNE', 'STE-VIC'),
('VIC76', 'MENZIES', 'STE-VIC'),
('VIC77', 'MONASH', 'STE-VIC'),
('VIC78', 'NICHOLLS', 'STE-VIC'),
('VIC79', 'SCULLIN', 'STE-VIC'),
('VIC80', 'WANNON', 'STE-VIC'),
('VIC81', 'WILLS', 'STE-VIC');
CREATE TABLE IF NOT EXISTS raw_admin_bdys_202602.aus_comm_electoral_polygon (gid integer PRIMARY KEY, ce_pid text NOT NULL, geom geometry(MultiPolygon, 7844) NOT NULL);
INSERT INTO raw_admin_bdys_202602.aus_comm_electoral_polygon (gid, ce_pid, geom) VALUES
(1, 'VIC44', ST_GeomFromText('MULTIPOLYGON(((145.24133999999998 -37.937819,145.24124 -37.937819,145.24124 -37.937719,145.24133999999998 -37.937719,145.24133999999998 -37.937819)),((145.231484 -37.919412,145.231484 -37.919312,145.231584 -37.919312,145.231584 -37.919412,145.231484 -37.919412)),((145.221621 -37.919258,145.221621 -37.919157999999996,145.221721 -37.919157999999996,145.221721 -37.919258,145.221621 -37.919258)),((145.24266699999998 -37.892603,145.24266699999998 -37.892503,145.242767 -37.892503,145.242767 -37.892603,145.24266699999998 -37.892603)),((145.216908 -37.870036999999996,145.216908 -37.869937,145.217008 -37.869937,145.217008 -37.870036999999996,145.216908 -37.870036999999996)),((145.229663 -37.854509,145.229663 -37.854409,145.229763 -37.854409,145.229763 -37.854509,145.229663 -37.854509)),((145.227171 -37.853671,145.227171 -37.853570999999995,145.227271 -37.853570999999995,145.227271 -37.853671,145.227171 -37.853671)),((145.24744099999998 -37.905915,145.247341 -37.905915,145.247341 -37.905815,145.24744099999998 -37.905815,145.24744099999998 -37.905915)),((145.256227 -37.899654,145.256227 -37.899553999999995,145.256327 -37.899553999999995,145.256327 -37.899654,145.256227 -37.899654)),((145.27709099999998 -37.883387,145.27709099999998 -37.883286999999996,145.277191 -37.883286999999996,145.277191 -37.883387,145.27709099999998 -37.883387)),((145.275174 -37.865066,145.275174 -37.864965999999995,145.275274 -37.864965999999995,145.275274 -37.865066,145.275174 -37.865066)),((145.270016 -37.845984,145.270016 -37.845884,145.270116 -37.845884,145.270116 -37.845984,145.270016 -37.845984)),((145.264375 -37.843381,145.264375 -37.843281,145.264475 -37.843281,145.264475 -37.843381,145.264375 -37.843381)),((145.26787 -37.833712,145.26787 -37.833611999999995,145.26797 -37.833611999999995,145.26797 -37.833712,145.26787 -37.833712)))', 7844)),
(2, 'VIC45', ST_GeomFromText('MULTIPOLYGON(((143.792624 -37.839256,143.792524 -37.839256,143.792524 -37.839155999999996,143.792624 -37.839155999999996,143.792624 -37.839256)),((143.885017 -37.698769999999996,143.884917 -37.698769999999996,143.884917 -37.69867,143.885017 -37.69867,143.885017 -37.698769999999996)),((143.837459 -37.58339,143.837359 -37.58339,143.837359 -37.58329,143.837459 -37.58329,143.837459 -37.58339)),((143.80038 -37.580354,143.80028 -37.580354,143.80028 -37.580254,143.80038 -37.580254,143.80038 -37.580354)),((143.79020599999998 -37.573519999999995,143.79010599999998 -37.573519999999995,143.79010599999998 -37.57342,143.79020599999998 -37.57342,143.79020599999998 -37.573519999999995)),((143.857136 -37.556112999999996,143.857036 -37.556112999999996,143.857036 -37.556013,143.857136 -37.556013,143.857136 -37.556112999999996)),((143.78374 -37.549726,143.78364 -37.549726,143.78364 -37.549625999999996,143.78374 -37.549625999999996,143.78374 -37.549726)),((144.123597 -37.312298,144.123597 -37.312197999999995,144.123697 -37.312197999999995,144.123697 -37.312298,144.123597 -37.312298)),((144.186203 -37.169219,144.186203 -37.169118999999995,144.18630299999998 -37.169118999999995,144.18630299999998 -37.169219,144.186203 -37.169219)))', 7844)),
(3, 'VIC46', ST_GeomFromText('MULTIPOLYGON(((144.04559799999998 -37.065098,144.04549799999998 -37.065098,144.04549799999998 -37.064997999999996,144.04559799999998 -37.064997999999996,144.04559799999998 -37.065098)),((144.181479 -36.988797999999996,144.181479 -36.988698,144.181579 -36.988698,144.181579 -36.988797999999996,144.181479 -36.988797999999996)),((144.233815 -36.778974,144.233815 -36.778874,144.233915 -36.778874,144.233915 -36.778974,144.233815 -36.778974)),((144.28533099999999 -36.750732,144.28533099999999 -36.750631999999996,144.285431 -36.750631999999996,144.285431 -36.750732,144.28533099999999 -36.750732)),((144.279346 -36.745512999999995,144.279346 -36.745413,144.279446 -36.745413,144.279446 -36.745512999999995,144.279346 -36.745512999999995)),((144.1302 -36.728214,144.1302 -36.728114,144.1303 -36.728114,144.1303 -36.728214,144.1302 -36.728214)),((144.28903499999998 -36.713055,144.28903499999998 -36.712955,144.289135 -36.712955,144.289135 -36.713055,144.28903499999998 -36.713055)),((144.28397099999998 -36.708484,144.28397099999998 -36.708383999999995,144.28407099999998 -36.708383999999995,144.28407099999998 -36.708484,144.28397099999998 -36.708484)),((144.414304 -37.322002999999995,144.414304 -37.321903,144.414404 -37.321903,144.414404 -37.322002999999995,144.414304 -37.322002999999995)),((144.78255099999998 -36.955617,144.78255099999998 -36.955517,144.782651 -36.955517,144.782651 -36.955617,144.78255099999998 -36.955617)),((144.538095 -36.88754,144.538095 -36.88744,144.538195 -36.88744,144.538195 -36.88754,144.538095 -36.88754)),((144.336229 -36.79378,144.336229 -36.793679999999995,144.336329 -36.793679999999995,144.336329 -36.79378,144.336229 -36.79378)),((144.770673 -36.762142,144.770673 -36.762042,144.770773 -36.762042,144.770773 -36.762142,144.770673 -36.762142)),((144.307809 -36.741631,144.307809 -36.741530999999995,144.307909 -36.741530999999995,144.307909 -36.741631,144.307809 -36.741631)),((144.479747 -36.312377,144.479747 -36.312277,144.479847 -36.312277,144.479847 -36.312377,144.479747 -36.312377)))', 7844)),
(4, 'VIC47', ST_GeomFromText('MULTIPOLYGON(((145.29003799999998 -38.039632999999995,145.29003799999998 -38.039733,145.289938 -38.039733,145.289938 -38.039632999999995,145.29003799999998 -38.039632999999995)),((145.27364799999998 -38.019296,145.27364799999998 -38.019396,145.273548 -38.019396,145.273548 -38.019296,145.27364799999998 -38.019296)),((145.26118499999998 -37.997423,145.26118499999998 -37.997523,145.26108499999998 -37.997523,145.26108499999998 -37.997423,145.26118499999998 -37.997423)),((145.213934 -37.963696,145.213934 -37.963795999999995,145.213834 -37.963795999999995,145.213834 -37.963696,145.213934 -37.963696)))', 7844)),
(5, 'VIC48', ST_GeomFromText('MULTIPOLYGON(((144.92755499999998 -37.691699,144.92745499999998 -37.691699,144.92745499999998 -37.691599,144.92755499999998 -37.691599,144.92755499999998 -37.691699)),((144.933879 -37.688711999999995,144.933779 -37.688711999999995,144.933779 -37.688612,144.933879 -37.688612,144.933879 -37.688711999999995)),((144.932381 -37.687939,144.932281 -37.687939,144.932281 -37.687839,144.932381 -37.687839,144.932381 -37.687939)),((144.919288 -37.684309,144.919288 -37.684208999999996,144.919388 -37.684208999999996,144.919388 -37.684309,144.919288 -37.684309)),((144.925426 -37.657997,144.925426 -37.657897,144.925526 -37.657897,144.925526 -37.657997,144.925426 -37.657997)),((144.924837 -37.649798,144.924737 -37.649798,144.924737 -37.649698,144.924837 -37.649698,144.924837 -37.649798)),((144.873132 -37.640737,144.873032 -37.640737,144.873032 -37.640637,144.873132 -37.640637,144.873132 -37.640737)),((144.934201 -37.633033999999995,144.934101 -37.633033999999995,144.934101 -37.632934,144.934201 -37.632934,144.934201 -37.633033999999995)),((144.903933 -37.541678999999995,144.903933 -37.541579,144.904033 -37.541579,144.904033 -37.541678999999995,144.903933 -37.541678999999995)),((144.940858 -37.531054,144.940858 -37.530954,144.940958 -37.530954,144.940958 -37.531054,144.940858 -37.531054)))', 7844)),
(6, 'VIC49', ST_GeomFromText('MULTIPOLYGON(((145.356142 -37.970825999999995,145.356142 -37.970926,145.356042 -37.970926,145.356042 -37.970825999999995,145.356142 -37.970825999999995)),((145.35687199999998 -37.931096,145.356772 -37.931096,145.356772 -37.930996,145.35687199999998 -37.930996,145.35687199999998 -37.931096)),((145.464741 -37.814211,145.464641 -37.814211,145.464641 -37.814111,145.464741 -37.814111,145.464741 -37.814211)),((145.309799 -37.807094,145.309699 -37.807094,145.309699 -37.806993999999996,145.309799 -37.806993999999996,145.309799 -37.807094)),((145.3755 -37.800948999999996,145.37539999999998 -37.800948999999996,145.37539999999998 -37.800849,145.3755 -37.800849,145.3755 -37.800948999999996)),((145.536381 -37.649367,145.536281 -37.649367,145.536281 -37.649267,145.536381 -37.649267,145.536381 -37.649367)),((145.37842899999998 -37.635543999999996,145.37832899999998 -37.635543999999996,145.37832899999998 -37.635444,145.37842899999998 -37.635444,145.37842899999998 -37.635543999999996)))', 7844)),
(7, 'VIC50', ST_GeomFromText('MULTIPOLYGON(((145.08066599999998 -37.887732,145.080566 -37.887732,145.080566 -37.887631999999996,145.08066599999998 -37.887631999999996,145.08066599999998 -37.887732)),((145.047437 -37.876092,145.047437 -37.875992,145.047537 -37.875992,145.047537 -37.876092,145.047437 -37.876092)),((145.04072499999998 -37.87489,145.04072499999998 -37.87479,145.04082499999998 -37.87479,145.04082499999998 -37.87489,145.04072499999998 -37.87489)),((145.052864 -37.856840999999996,145.052864 -37.856741,145.052964 -37.856741,145.052964 -37.856840999999996,145.052864 -37.856840999999996)),((145.045186 -37.853811,145.045186 -37.853711,145.045286 -37.853711,145.045286 -37.853811,145.045186 -37.853811)),((145.09392699999998 -37.836247,145.09392699999998 -37.836147,145.09402699999998 -37.836147,145.09402699999998 -37.836247,145.09392699999998 -37.836247)),((145.19474499999998 -37.920714,145.19464499999998 -37.920714,145.19464499999998 -37.920614,145.19474499999998 -37.920614,145.19474499999998 -37.920714)),((145.098229 -37.883556999999996,145.098229 -37.883457,145.098329 -37.883457,145.098329 -37.883556999999996,145.098229 -37.883556999999996)),((145.13827799999999 -37.88012,145.13827799999999 -37.88002,145.138378 -37.88002,145.138378 -37.88012,145.13827799999999 -37.88012)),((145.09778 -37.872614999999996,145.09778 -37.872515,145.09788 -37.872515,145.09788 -37.872614999999996,145.09778 -37.872614999999996)),((145.10386599999998 -37.868204999999996,145.10386599999998 -37.868105,145.10396599999999 -37.868105,145.10396599999999 -37.868204999999996,145.10386599999998 -37.868204999999996)),((145.107203 -37.859348,145.107203 -37.859248,145.107303 -37.859248,145.107303 -37.859348,145.107203 -37.859348)),((145.110951 -37.842565,145.110951 -37.842465,145.111051 -37.842465,145.111051 -37.842565,145.110951 -37.842565)))', 7844)),
(8, 'VIC51', ST_GeomFromText('MULTIPOLYGON(((144.996784 -37.783093,144.996684 -37.783093,144.996684 -37.782993,144.996784 -37.782993,144.996784 -37.783093)),((145.012159 -37.763932,145.012159 -37.763832,145.012259 -37.763832,145.012259 -37.763932,145.012159 -37.763932)),((144.984234 -37.755196,144.984234 -37.755096,144.984334 -37.755096,144.984334 -37.755196,144.984234 -37.755196)),((145.002363 -37.746494999999996,145.002363 -37.746395,145.002463 -37.746395,145.002463 -37.746494999999996,145.002363 -37.746494999999996)),((144.992878 -37.741318,144.992878 -37.741217999999996,144.992978 -37.741217999999996,144.992978 -37.741318,144.992878 -37.741318)),((145.000202 -37.738092,145.000202 -37.737992,145.000302 -37.737992,145.000302 -37.738092,145.000202 -37.738092)),((144.993283 -37.710684,144.993283 -37.710584,144.993383 -37.710584,144.993383 -37.710684,144.993283 -37.710684)),((144.984305 -37.701933,144.984305 -37.701833,144.98440499999998 -37.701833,144.98440499999998 -37.701933,144.984305 -37.701933)),((145.014834 -37.748261,145.014834 -37.748160999999996,145.01493399999998 -37.748160999999996,145.01493399999998 -37.748261,145.014834 -37.748261)),((145.023517 -37.727354,145.023517 -37.727253999999995,145.023617 -37.727253999999995,145.023617 -37.727354,145.023517 -37.727354)),((145.017328 -37.725967,145.017328 -37.725867,145.017428 -37.725867,145.017428 -37.725967,145.017328 -37.725967)),((145.019574 -37.720762,145.019574 -37.720662,145.01967399999998 -37.720662,145.01967399999998 -37.720762,145.019574 -37.720762)),((145.027852 -37.71421,145.027852 -37.71411,145.027952 -37.71411,145.027952 -37.71421,145.027852 -37.71421)),((145.056413 -37.713437,145.056413 -37.713336999999996,145.056513 -37.713336999999996,145.056513 -37.713437,145.056413 -37.713437)),((145.021202 -37.700171,145.021202 -37.700071,145.021302 -37.700071,145.021302 -37.700171,145.021202 -37.700171)))', 7844)),
(9, 'VIC52', ST_GeomFromText('MULTIPOLYGON(((144.321663 -38.308487,144.321563 -38.308487,144.321563 -38.308386999999996,144.321663 -38.308386999999996,144.321663 -38.308487)),((144.516593 -38.269857,144.516593 -38.269757,144.516693 -38.269757,144.516693 -38.269857,144.516593 -38.269857)),((144.49021299999998 -38.266509,144.49021299999998 -38.266408999999996,144.490313 -38.266408999999996,144.490313 -38.266509,144.49021299999998 -38.266509)),((144.327235 -38.225539999999995,144.327135 -38.225539999999995,144.327135 -38.22544,144.327235 -38.22544,144.327235 -38.225539999999995)),((144.340885 -38.20612,144.340885 -38.206019999999995,144.340985 -38.206019999999995,144.340985 -38.20612,144.340885 -38.20612)),((144.462365 -38.202529,144.462365 -38.202428999999995,144.46246499999998 -38.202428999999995,144.46246499999998 -38.202529,144.462365 -38.202529)),((144.45849099999998 -38.18684,144.458391 -38.18684,144.458391 -38.18674,144.45849099999998 -38.18674,144.45849099999998 -38.18684)),((144.544346 -38.269473999999995,144.544346 -38.269374,144.544446 -38.269374,144.544446 -38.269473999999995,144.544346 -38.269473999999995)),((144.55461599999998 -38.261576,144.55461599999998 -38.261476,144.55471599999998 -38.261476,144.55471599999998 -38.261576,144.55461599999998 -38.261576)),((144.712934 -38.183564,144.712934 -38.183464,144.713034 -38.183464,144.713034 -38.183564,144.712934 -38.183564)),((144.5574 -38.162856,144.5574 -38.162756,144.5575 -38.162756,144.5575 -38.162856,144.5574 -38.162856)),((144.70917 -38.137007,144.70917 -38.136907,144.70927 -38.136907,144.70927 -38.137007,144.70917 -38.137007)),((144.641112 -38.111441,144.641112 -38.111340999999996,144.641212 -38.111340999999996,144.641212 -38.111441,144.641112 -38.111441)))', 7844)),
(10, 'VIC53', ST_GeomFromText('MULTIPOLYGON(((144.374145 -38.167455,144.374045 -38.167455,144.374045 -38.167355,144.374145 -38.167355,144.374145 -38.167455)),((144.350295 -38.139081999999995,144.35019499999999 -38.139081999999995,144.35019499999999 -38.138982,144.350295 -38.138982,144.350295 -38.139081999999995)),((144.320661 -38.126781,144.320561 -38.126781,144.320561 -38.126681,144.320661 -38.126681,144.320661 -38.126781)),((144.343652 -38.082898,144.343552 -38.082898,144.343552 -38.082798,144.343652 -38.082798,144.343652 -38.082898)),((144.40053799999998 -38.033570999999995,144.40043799999998 -38.033570999999995,144.40043799999998 -38.033471,144.40053799999998 -38.033471,144.40053799999998 -38.033570999999995)),((144.42539499999998 -38.030283,144.425295 -38.030283,144.425295 -38.030183,144.42539499999998 -38.030183,144.42539499999998 -38.030283)),((144.362214 -38.017413,144.362114 -38.017413,144.362114 -38.017313,144.362214 -38.017313,144.362214 -38.017413)),((144.584147 -37.890406,144.584047 -37.890406,144.584047 -37.890305999999995,144.584147 -37.890305999999995,144.584147 -37.890406)))', 7844)),
(11, 'VIC54', ST_GeomFromText('MULTIPOLYGON(((145.194596 -37.83759,145.194596 -37.837689999999995,145.194496 -37.837689999999995,145.194496 -37.83759,145.194596 -37.83759)),((145.259414 -37.824711,145.259414 -37.824811,145.259314 -37.824811,145.259314 -37.824711,145.259414 -37.824711)),((145.23014899999998 -37.805273,145.23014899999998 -37.805372999999996,145.23004899999998 -37.805372999999996,145.23004899999998 -37.805273,145.23014899999998 -37.805273)),((145.280596 -37.799563,145.280496 -37.799563,145.280496 -37.799462999999996,145.280596 -37.799462999999996,145.280596 -37.799563)),((145.252701 -37.777453,145.252601 -37.777453,145.252601 -37.777353,145.252701 -37.777353,145.252701 -37.777453)))', 7844)),
(12, 'VIC55', ST_GeomFromText('MULTIPOLYGON(((145.17753199999999 -38.154922,145.17753199999999 -38.155021999999995,145.17743199999998 -38.155021999999995,145.17743199999998 -38.154922,145.17753199999999 -38.154922)),((145.132073 -38.131114,145.132073 -38.131214,145.131973 -38.131214,145.131973 -38.131114,145.132073 -38.131114)),((145.147921 -38.122166,145.147921 -38.122265999999996,145.147821 -38.122265999999996,145.147821 -38.122166,145.147921 -38.122166)),((145.18364699999998 -38.088421,145.183547 -38.088421,145.183547 -38.088321,145.18364699999998 -38.088321,145.18364699999998 -38.088421)),((145.126182 -38.056221,145.126082 -38.056221,145.126082 -38.056121,145.126182 -38.056121,145.126182 -38.056221)))', 7844)),
(13, 'VIC56', ST_GeomFromText('MULTIPOLYGON(((144.912514 -38.379478,144.91241399999998 -38.379478,144.91241399999998 -38.379377999999996,144.912514 -38.379377999999996,144.912514 -38.379478)),((144.772955 -38.372155,144.772955 -38.372054999999996,144.773055 -38.372054999999996,144.773055 -38.372155,144.772955 -38.372155)),((144.880565 -38.370246,144.880565 -38.370146,144.880665 -38.370146,144.880665 -38.370246,144.880565 -38.370246)),((144.76048799999998 -38.365029,144.76048799999998 -38.364929,144.76058799999998 -38.364929,144.76058799999998 -38.365029,144.76048799999998 -38.365029)),((144.736074 -38.344151,144.736074 -38.344051,144.736174 -38.344051,144.736174 -38.344151,144.736074 -38.344151)),((144.73369599999998 -38.337824999999995,144.73369599999998 -38.337725,144.73379599999998 -38.337725,144.73379599999998 -38.337824999999995,144.73369599999998 -38.337824999999995)),((144.709056 -38.330867,144.709056 -38.330767,144.709156 -38.330767,144.709156 -38.330867,144.709056 -38.330867)),((144.97908999999999 -38.469651,144.97898999999998 -38.469651,144.97898999999998 -38.469550999999996,144.97908999999999 -38.469550999999996,144.97908999999999 -38.469651)),((144.922199 -38.37565,144.922199 -38.37555,144.92229899999998 -38.37555,144.92229899999998 -38.37565,144.922199 -38.37565)),((144.924351 -38.373246,144.924351 -38.373146,144.924451 -38.373146,144.924451 -38.373246,144.924351 -38.373246)),((145.018432 -38.369146,145.018432 -38.369046,145.018532 -38.369046,145.018532 -38.369146,145.018432 -38.369146)),((144.96905999999998 -38.336318999999996,144.96905999999998 -38.336219,144.96916 -38.336219,144.96916 -38.336318999999996,144.96905999999998 -38.336318999999996)),((145.18948699999999 -38.315472,145.18948699999999 -38.315371999999996,145.189587 -38.315371999999996,145.189587 -38.315472,145.18948699999999 -38.315472)),((145.043199 -38.248169,145.043199 -38.248069,145.043299 -38.248069,145.043299 -38.248169,145.043199 -38.248169)))', 7844)),
(14, 'VIC57', ST_GeomFromText('MULTIPOLYGON(((144.902648 -37.798831,144.902648 -37.798930999999996,144.902548 -37.798930999999996,144.902548 -37.798831,144.902648 -37.798831)),((144.889046 -37.795259,144.888946 -37.795259,144.888946 -37.795159,144.889046 -37.795159,144.889046 -37.795259)),((144.809516 -37.792102,144.809416 -37.792102,144.809416 -37.792002,144.809516 -37.792002,144.809516 -37.792102)),((144.789481 -37.791494,144.789481 -37.791593999999996,144.789381 -37.791593999999996,144.789381 -37.791494,144.789481 -37.791494)),((144.88191799999998 -37.790869,144.88181799999998 -37.790869,144.88181799999998 -37.790769,144.88191799999998 -37.790769,144.88191799999998 -37.790869)),((144.826626 -37.752272,144.826526 -37.752272,144.826526 -37.752172,144.826626 -37.752172,144.826626 -37.752272)))', 7844)),
(15, 'VIC58', ST_GeomFromText('MULTIPOLYGON(((144.730378 -37.908142,144.730278 -37.908142,144.730278 -37.908042,144.730378 -37.908042,144.730378 -37.908142)),((144.764846 -37.906393,144.764746 -37.906393,144.764746 -37.906293,144.764846 -37.906293,144.764846 -37.906393)),((144.767688 -37.906331,144.767588 -37.906331,144.767588 -37.906231,144.767688 -37.906231,144.767688 -37.906331)),((144.75310199999998 -37.899037,144.75300199999998 -37.899037,144.75300199999998 -37.898937,144.75310199999998 -37.898937,144.75310199999998 -37.899037)),((144.78546 -37.870743999999995,144.78536 -37.870743999999995,144.78536 -37.870644,144.78546 -37.870644,144.78546 -37.870743999999995)),((144.908207 -37.864574999999995,144.908107 -37.864574999999995,144.908107 -37.864475,144.908207 -37.864475,144.908207 -37.864574999999995)),((144.767046 -37.861001,144.766946 -37.861001,144.766946 -37.860901,144.767046 -37.860901,144.767046 -37.861001)),((144.77219399999998 -37.860701,144.77219399999998 -37.860600999999996,144.772294 -37.860600999999996,144.772294 -37.860701,144.77219399999998 -37.860701)),((144.835536 -37.83092,144.835536 -37.830819999999996,144.835636 -37.830819999999996,144.835636 -37.83092,144.835536 -37.83092)))', 7844)),
(16, 'VIC59', ST_GeomFromText('MULTIPOLYGON(((146.347334 -38.304535,146.347234 -38.304535,146.347234 -38.304435,146.347334 -38.304435,146.347334 -38.304535)),((146.44349 -38.239522,146.44349 -38.239422,146.44359 -38.239422,146.44359 -38.239522,146.44349 -38.239522)),((146.42874 -38.219916999999995,146.42874 -38.219817,146.42883999999998 -38.219817,146.42883999999998 -38.219916999999995,146.42874 -38.219916999999995)),((146.522344 -38.209053,146.522244 -38.209053,146.522244 -38.208953,146.522344 -38.208953,146.522344 -38.209053)),((146.506622 -38.199435,146.506622 -38.199335,146.506722 -38.199335,146.506722 -38.199435,146.506622 -38.199435)),((146.54468699999998 -38.181854,146.54468699999998 -38.181754,146.54478699999999 -38.181754,146.54478699999999 -38.181854,146.54468699999998 -38.181854)),((146.565372 -38.199503,146.565272 -38.199503,146.565272 -38.199403,146.565372 -38.199403,146.565372 -38.199503)),((146.56646999999998 -38.191488,146.56646999999998 -38.191387999999996,146.56656999999998 -38.191387999999996,146.56656999999998 -38.191488,146.56646999999998 -38.191488)),((147.06259599999998 -38.104406,147.06259599999998 -38.104306,147.062696 -38.104306,147.062696 -38.104406,147.06259599999998 -38.104406)),((147.059574 -38.10059,147.059474 -38.10059,147.059474 -38.10049,147.059574 -38.10049,147.059574 -38.10059)),((147.637788 -37.825404999999996,147.637788 -37.825305,147.637888 -37.825305,147.637888 -37.825404999999996,147.637788 -37.825404999999996)),((147.59743799999998 -37.823642,147.59743799999998 -37.823541999999996,147.597538 -37.823541999999996,147.597538 -37.823642,147.59743799999998 -37.823642)))', 7844)),
(17, 'VIC60', ST_GeomFromText('MULTIPOLYGON(((145.013745 -37.967679,145.013745 -37.967579,145.013845 -37.967579,145.013845 -37.967679,145.013745 -37.967679)),((145.004215 -37.942522,145.004215 -37.942422,145.004315 -37.942422,145.004315 -37.942522,145.004215 -37.942522)),((145.003594 -37.930347,145.003594 -37.930247,145.003694 -37.930247,145.003694 -37.930347,145.003594 -37.930347)),((144.991331 -37.91056,144.991431 -37.91056,144.991431 -37.91066,144.991331 -37.91066,144.991331 -37.91056)),((145.007197 -37.904899,145.007297 -37.904899,145.007297 -37.904999,145.007197 -37.904999,145.007197 -37.904899)),((145.000815 -37.903642999999995,145.000815 -37.903543,145.000915 -37.903543,145.000915 -37.903642999999995,145.000815 -37.903642999999995)),((145.009234 -37.896952,145.009234 -37.896851999999996,145.009334 -37.896851999999996,145.009334 -37.896952,145.009234 -37.896952)),((144.993272 -37.895233999999995,144.993272 -37.895134,144.993372 -37.895134,144.993372 -37.895233999999995,144.993272 -37.895233999999995)),((144.99662999999998 -37.887851999999995,144.99672999999999 -37.887851999999995,144.99672999999999 -37.887952,144.99662999999998 -37.887952,144.99662999999998 -37.887851999999995)),((144.998233 -37.884586999999996,144.998333 -37.884586999999996,144.998333 -37.884687,144.998233 -37.884687,144.998233 -37.884586999999996)),((145.04083799999998 -37.962171999999995,145.04083799999998 -37.962072,145.04093799999998 -37.962072,145.04093799999998 -37.962171999999995,145.04083799999998 -37.962171999999995)),((145.038453 -37.958901999999995,145.038453 -37.958802,145.038553 -37.958802,145.038553 -37.958901999999995,145.038453 -37.958901999999995)),((145.055169 -37.956557,145.055169 -37.956457,145.05526899999998 -37.956457,145.05526899999998 -37.956557,145.055169 -37.956557)),((145.03892199999999 -37.951411,145.039022 -37.951411,145.039022 -37.951510999999996,145.03892199999999 -37.951510999999996,145.03892199999999 -37.951411)),((145.035786 -37.945065,145.035886 -37.945065,145.035886 -37.945164999999996,145.035786 -37.945164999999996,145.035786 -37.945065)),((145.038193 -37.935234,145.038193 -37.935134,145.03829299999998 -37.935134,145.03829299999998 -37.935234,145.038193 -37.935234)),((145.016058 -37.932032,145.016058 -37.931931999999996,145.016158 -37.931931999999996,145.016158 -37.932032,145.016058 -37.932032)),((145.050301 -37.925765,145.050301 -37.925664999999995,145.050401 -37.925664999999995,145.050401 -37.925765,145.050301 -37.925765)),((145.05016899999998 -37.909099,145.050269 -37.909099,145.050269 -37.909199,145.05016899999998 -37.909199,145.05016899999998 -37.909099)),((145.01505699999998 -37.891759,145.015157 -37.891759,145.015157 -37.891859,145.01505699999998 -37.891859,145.01505699999998 -37.891759)))', 7844)),
(18, 'VIC61', ST_GeomFromText('MULTIPOLYGON(((144.764222 -37.777753,144.764122 -37.777753,144.764122 -37.777653,144.764222 -37.777653,144.764222 -37.777753)),((144.760648 -37.769425,144.760548 -37.769425,144.760548 -37.769324999999995,144.760648 -37.769324999999995,144.760648 -37.769425)),((144.76394299999998 -37.735652,144.76384299999998 -37.735652,144.76384299999998 -37.735552,144.76394299999998 -37.735552,144.76394299999998 -37.735652)),((144.74129 -37.723647,144.74119 -37.723647,144.74119 -37.723546999999996,144.74129 -37.723546999999996,144.74129 -37.723647)),((144.751714 -37.721692999999995,144.751614 -37.721692999999995,144.751614 -37.721593,144.751714 -37.721593,144.751714 -37.721692999999995)),((144.73457 -37.718664,144.73447 -37.718664,144.73447 -37.718564,144.73457 -37.718564,144.73457 -37.718664)),((144.779798 -37.706782,144.779698 -37.706782,144.779698 -37.706682,144.779798 -37.706682,144.779798 -37.706782)),((144.713711 -37.693926999999995,144.713611 -37.693926999999995,144.713611 -37.693827,144.713711 -37.693827,144.713711 -37.693926999999995)))', 7844)),
(19, 'VIC62', ST_GeomFromText('MULTIPOLYGON(((144.541786 -37.697738,144.541786 -37.697838,144.541686 -37.697838,144.541686 -37.697738,144.541786 -37.697738)),((144.43021299999998 -37.686419,144.43021299999998 -37.686519,144.430113 -37.686519,144.430113 -37.686419,144.43021299999998 -37.686419)),((144.604807 -37.68502,144.604807 -37.68512,144.604707 -37.68512,144.604707 -37.68502,144.604807 -37.68502)),((144.41886499999998 -37.673736,144.418765 -37.673736,144.418765 -37.673635999999995,144.41886499999998 -37.673635999999995,144.41886499999998 -37.673736)),((144.582535 -37.655772999999996,144.582435 -37.655772999999996,144.582435 -37.655673,144.582535 -37.655673,144.582535 -37.655772999999996)))', 7844)),
(20, 'VIC63', ST_GeomFromText('MULTIPOLYGON(((145.236313 -38.196076,145.236213 -38.196076,145.236213 -38.195976,145.236313 -38.195976,145.236313 -38.196076)),((145.293367 -38.138497,145.293267 -38.138497,145.293267 -38.138397,145.293367 -38.138397,145.293367 -38.138497)),((145.300756 -38.119327,145.300656 -38.119327,145.300656 -38.119226999999995,145.300756 -38.119226999999995,145.300756 -38.119327)),((145.249454 -38.113051999999996,145.24935399999998 -38.113051999999996,145.24935399999998 -38.112952,145.249454 -38.112952,145.249454 -38.113051999999996)),((145.28732399999998 -38.101526,145.28722399999998 -38.101526,145.28722399999998 -38.101426,145.28732399999998 -38.101426,145.28732399999998 -38.101526)),((145.276601 -38.079768,145.276501 -38.079768,145.276501 -38.079668,145.276601 -38.079668,145.276601 -38.079768)),((145.27255399999999 -38.07507,145.27245399999998 -38.07507,145.27245399999998 -38.07497,145.27255399999999 -38.07497,145.27255399999999 -38.07507)),((145.276454 -38.069545999999995,145.276354 -38.069545999999995,145.276354 -38.069446,145.276454 -38.069446,145.276454 -38.069545999999995)))', 7844)),
(21, 'VIC64', ST_GeomFromText('MULTIPOLYGON(((145.181468 -37.958735,145.181468 -37.958835,145.181368 -37.958835,145.181368 -37.958735,145.181468 -37.958735)),((145.100076 -37.930976,145.099976 -37.930976,145.099976 -37.930876,145.100076 -37.930876,145.100076 -37.930976)),((145.17627199999998 -37.92772,145.17617199999998 -37.92772,145.17617199999998 -37.92762,145.17627199999998 -37.92762,145.17627199999998 -37.92772)),((145.128122 -37.911694,145.128022 -37.911694,145.128022 -37.911594,145.128122 -37.911594,145.128122 -37.911694)),((145.167104 -37.909782,145.167004 -37.909782,145.167004 -37.909682,145.167104 -37.909682,145.167104 -37.909782)),((145.167394 -37.908197,145.167294 -37.908197,145.167294 -37.908097,145.167394 -37.908097,145.167394 -37.908197)),((145.06374399999999 -37.897177,145.06364399999998 -37.897177,145.06364399999998 -37.897076999999996,145.06374399999999 -37.897076999999996,145.06374399999999 -37.897177)))', 7844)),
(22, 'VIC65', ST_GeomFromText('MULTIPOLYGON(((146.444414 -37.145213999999996,146.444414 -37.145114,146.444514 -37.145114,146.444514 -37.145213999999996,146.444414 -37.145213999999996)),((146.012552 -37.069075,146.012552 -37.068975,146.012652 -37.068975,146.012652 -37.069075,146.012552 -37.069075)),((145.576943 -36.755353,145.576943 -36.755252999999996,145.577043 -36.755252999999996,145.577043 -36.755353,145.576943 -36.755353)),((145.99075299999998 -36.556982,145.990853 -36.556982,145.990853 -36.557082,145.99075299999998 -36.557082,145.99075299999998 -36.556982)),((145.975078 -36.555654,145.975178 -36.555654,145.975178 -36.555754,145.975078 -36.555754,145.975078 -36.555654)),((146.388187 -36.439578,146.388187 -36.439478,146.388287 -36.439478,146.388287 -36.439578,146.388187 -36.439578)),((146.578838 -36.420736999999995,146.578838 -36.420637,146.578938 -36.420637,146.578938 -36.420736999999995,146.578838 -36.420736999999995)),((146.288085 -36.339701,146.288085 -36.339601,146.288185 -36.339601,146.288185 -36.339701,146.288085 -36.339701)),((146.26161399999998 -36.289874,146.26171399999998 -36.289874,146.26171399999998 -36.289974,146.26161399999998 -36.289974,146.26161399999998 -36.289874)),((146.84230499999998 -36.126722,146.84240499999999 -36.126722,146.84240499999999 -36.126823,146.84230499999998 -36.126823,146.84230499999998 -36.126722)),((147.27779099999998 -36.865171,147.27779099999998 -36.865071,147.27789099999998 -36.865071,147.27789099999998 -36.865171,147.27779099999998 -36.865171)),((147.156768 -36.746978999999996,147.156768 -36.746879,147.156868 -36.746879,147.156868 -36.746978999999996,147.156768 -36.746978999999996)),((147.039229 -36.479178,147.039229 -36.479078,147.03932899999998 -36.479078,147.03932899999998 -36.479178,147.039229 -36.479178)),((147.11763399999998 -36.365601999999996,147.11773399999998 -36.365601999999996,147.11773399999998 -36.365702,147.11763399999998 -36.365702,147.11763399999998 -36.365601999999996)),((146.946847 -36.185390999999996,146.946947 -36.185390999999996,146.946947 -36.185491,146.946847 -36.185491,146.946847 -36.185390999999996)),((146.86119499999998 -36.136454,146.86119499999998 -36.136354,146.86129499999998 -36.136354,146.86129499999998 -36.136454,146.86119499999998 -36.136454)),((146.905088 -36.131795,146.905088 -36.131695,146.90518799999998 -36.131695,146.90518799999998 -36.131795,146.905088 -36.131795)),((147.989151 -36.126503,147.989151 -36.126402999999996,147.989251 -36.126402999999996,147.989251 -36.126503,147.989151 -36.126503)),((146.89484299999998 -36.126126,146.89494299999998 -36.126126,146.89494299999998 -36.126225999999996,146.89484299999998 -36.126225999999996,146.89484299999998 -36.126126)),((146.859252 -36.116655,146.859352 -36.116655,146.859352 -36.116755,146.859252 -36.116755,146.859252 -36.116655)))', 7844)),
(23, 'VIC66', ST_GeomFromText('MULTIPOLYGON(((145.083057 -38.001252,145.082957 -38.001252,145.082957 -38.001152,145.083057 -38.001152,145.083057 -38.001252)),((145.066047 -37.986866,145.066047 -37.986765999999996,145.066147 -37.986765999999996,145.066147 -37.986866,145.066047 -37.986866)),((145.090441 -37.98627,145.090441 -37.98617,145.090541 -37.98617,145.090541 -37.98627,145.090441 -37.98627)),((145.06548899999999 -37.981078,145.06538899999998 -37.981078,145.06538899999998 -37.980978,145.06548899999999 -37.980978,145.06548899999999 -37.981078)),((145.067376 -37.967059,145.067376 -37.966958999999996,145.067476 -37.966958999999996,145.067476 -37.967059,145.067376 -37.967059)),((145.066611 -37.953727,145.066611 -37.953627,145.066711 -37.953627,145.066711 -37.953727,145.066611 -37.953727)),((145.081 -37.953528999999996,145.08089999999999 -37.953528999999996,145.08089999999999 -37.953429,145.081 -37.953429,145.081 -37.953528999999996)),((145.125538 -38.04208,145.125538 -38.041979999999995,145.12563799999998 -38.041979999999995,145.12563799999998 -38.04208,145.125538 -38.04208)),((145.134662 -38.031247,145.134662 -38.031147,145.134762 -38.031147,145.134762 -38.031247,145.134662 -38.031247)),((145.13422699999998 -38.029725,145.13422699999998 -38.029624999999996,145.13432699999998 -38.029624999999996,145.13432699999998 -38.029725,145.13422699999998 -38.029725)),((145.159012 -38.027632,145.159012 -38.027532,145.159112 -38.027532,145.159112 -38.027632,145.159012 -38.027632)),((145.167411 -37.973904999999995,145.167411 -37.973805,145.167511 -37.973805,145.167511 -37.973904999999995,145.167411 -37.973904999999995)),((145.14898 -37.970552999999995,145.14898 -37.970453,145.14908 -37.970453,145.14908 -37.970552999999995,145.14898 -37.970552999999995)))', 7844)),
(24, 'VIC67', ST_GeomFromText('MULTIPOLYGON(((145.046801 -37.772752,145.04670099999998 -37.772752,145.04670099999998 -37.772652,145.046801 -37.772652,145.046801 -37.772752)),((145.057389 -37.769357,145.057289 -37.769357,145.057289 -37.769256999999996,145.057389 -37.769256999999996,145.057389 -37.769357)),((145.05499799999998 -37.742034,145.05489799999998 -37.742034,145.05489799999998 -37.741934,145.05499799999998 -37.741934,145.05499799999998 -37.742034)),((145.044926 -37.739284999999995,145.044826 -37.739284999999995,145.044826 -37.739185,145.044926 -37.739185,145.044926 -37.739284999999995)),((145.059953 -37.734221999999995,145.059853 -37.734221999999995,145.059853 -37.734122,145.059953 -37.734122,145.059953 -37.734221999999995)),((145.148358 -37.719107,145.148258 -37.719107,145.148258 -37.719007,145.148358 -37.719007,145.148358 -37.719107)),((145.160463 -37.716124,145.160363 -37.716124,145.160363 -37.716024,145.160463 -37.716024,145.160463 -37.716124)),((145.082188 -37.710508,145.082088 -37.710508,145.082088 -37.710408,145.082188 -37.710408,145.082188 -37.710508)))', 7844)),
(25, 'VIC68', ST_GeomFromText('MULTIPOLYGON(((145.040688 -37.860141999999996,145.04058799999999 -37.860141999999996,145.04058799999999 -37.860042,145.040688 -37.860042,145.040688 -37.860141999999996)),((145.029045 -37.859877,145.029045 -37.859777,145.029145 -37.859777,145.029145 -37.859877,145.029045 -37.859877)),((145.00196599999998 -37.8566,145.00196599999998 -37.8565,145.00206599999999 -37.8565,145.00206599999999 -37.8566,145.00196599999998 -37.8566)),((145.03410499999998 -37.855205999999995,145.03410499999998 -37.855106,145.034205 -37.855106,145.034205 -37.855205999999995,145.03410499999998 -37.855205999999995)),((145.03428499999998 -37.827000999999996,145.03428499999998 -37.826901,145.034385 -37.826901,145.034385 -37.827000999999996,145.03428499999998 -37.827000999999996)),((145.0204 -37.812968,145.0204 -37.812868,145.0205 -37.812868,145.0205 -37.812968,145.0204 -37.812968)),((145.027776 -37.802928,145.027776 -37.802828,145.027876 -37.802828,145.027876 -37.802928,145.027776 -37.802928)),((145.04126499999998 -37.838466,145.041165 -37.838466,145.041165 -37.838366,145.04126499999998 -37.838366,145.04126499999998 -37.838466)),((145.07377 -37.838097,145.07377 -37.837997,145.07387 -37.837997,145.07387 -37.838097,145.07377 -37.838097)),((145.045304 -37.829941,145.045304 -37.829841,145.045404 -37.829841,145.045404 -37.829941,145.045304 -37.829941)),((145.042869 -37.826647,145.042869 -37.826547,145.042969 -37.826547,145.042969 -37.826647,145.042869 -37.826647)),((145.08371 -37.824183,145.08371 -37.824083,145.08381 -37.824083,145.08381 -37.824183,145.08371 -37.824183)),((145.060992 -37.822610999999995,145.060992 -37.822511,145.061092 -37.822511,145.061092 -37.822610999999995,145.060992 -37.822610999999995)),((145.092273 -37.786398,145.092273 -37.786297999999995,145.09237299999998 -37.786297999999995,145.09237299999998 -37.786398,145.092273 -37.786398)))', 7844)),
(26, 'VIC69', ST_GeomFromText('MULTIPOLYGON(((145.568869 -38.08407,145.568869 -38.08417,145.568769 -38.08417,145.568769 -38.08407,145.568869 -38.08407)),((145.478115 -38.079422,145.478015 -38.079422,145.478015 -38.079322,145.478115 -38.079322,145.478115 -38.079422)),((145.420658 -38.076392999999996,145.420558 -38.076392999999996,145.420558 -38.076293,145.420658 -38.076293,145.420658 -38.076392999999996)),((145.487531 -38.072773,145.487531 -38.072873,145.487431 -38.072873,145.487431 -38.072773,145.487531 -38.072773)),((145.427211 -38.062981,145.427111 -38.062981,145.427111 -38.062881,145.427211 -38.062881,145.427211 -38.062981)),((145.49601099999998 -38.055734,145.495911 -38.055734,145.495911 -38.055634,145.49601099999998 -38.055634,145.49601099999998 -38.055734)))', 7844)),
(27, 'VIC70', ST_GeomFromText('MULTIPOLYGON(((144.63743499999998 -37.907604,144.63743499999998 -37.907703999999995,144.637335 -37.907703999999995,144.637335 -37.907604,144.63743499999998 -37.907604)),((144.662551 -37.89787,144.662451 -37.89787,144.662451 -37.89777,144.662551 -37.89777,144.662551 -37.89787)),((144.6196 -37.897523,144.6195 -37.897523,144.6195 -37.897422999999996,144.6196 -37.897422999999996,144.6196 -37.897523)),((144.665989 -37.886224,144.665889 -37.886224,144.665889 -37.886123999999995,144.665989 -37.886123999999995,144.665989 -37.886224)),((144.611823 -37.885449,144.61172299999998 -37.885449,144.61172299999998 -37.885349,144.611823 -37.885349,144.611823 -37.885449)),((144.582892 -37.864005,144.58279199999998 -37.864005,144.58279199999998 -37.863904999999995,144.582892 -37.863904999999995,144.582892 -37.864005)),((144.69178499999998 -37.840635999999996,144.691685 -37.840635999999996,144.691685 -37.840536,144.69178499999998 -37.840536,144.69178499999998 -37.840635999999996)))', 7844)),
(28, 'VIC71', ST_GeomFromText('MULTIPOLYGON(((144.939482 -37.841234,144.939582 -37.841234,144.939582 -37.841333999999996,144.939482 -37.841333999999996,144.939482 -37.841234)),((144.967207 -37.83649,144.967307 -37.83649,144.967307 -37.83659,144.967207 -37.83659,144.967207 -37.83649)),((144.96716999999998 -37.836174,144.96726999999998 -37.836174,144.96726999999998 -37.836273999999996,144.96716999999998 -37.836273999999996,144.96716999999998 -37.836174)),((144.951436 -37.832741,144.951536 -37.832741,144.951536 -37.832840999999995,144.951436 -37.832840999999995,144.951436 -37.832741)),((144.952234 -37.832217,144.952334 -37.832217,144.952334 -37.832316999999996,144.952234 -37.832316999999996,144.952234 -37.832217)),((144.97107 -37.831752,144.97117 -37.831752,144.97117 -37.831852,144.97107 -37.831852,144.97107 -37.831752)),((144.971002 -37.831016999999996,144.971002 -37.831117,144.970902 -37.831117,144.970902 -37.831016999999996,144.971002 -37.831016999999996)),((144.944268 -37.829623999999995,144.944368 -37.829623999999995,144.944368 -37.829724,144.944268 -37.829724,144.944268 -37.829623999999995)),((144.969137 -37.829406,144.969237 -37.829406,144.969237 -37.829505999999995,144.969137 -37.829505999999995,144.969137 -37.829406)),((144.95665 -37.827616,144.95675 -37.827616,144.95675 -37.827715999999995,144.95665 -37.827715999999995,144.95665 -37.827616)),((144.958111 -37.82709,144.958211 -37.82709,144.958211 -37.82719,144.958111 -37.82719,144.958111 -37.82709)),((144.95703 -37.826817999999996,144.95713 -37.826817999999996,144.95713 -37.826918,144.95703 -37.826918,144.95703 -37.826817999999996)),((144.959868 -37.826346,144.959968 -37.826346,144.959968 -37.826446,144.959868 -37.826446,144.959868 -37.826346)),((144.95941299999998 -37.826101,144.959513 -37.826101,144.959513 -37.826201,144.95941299999998 -37.826201,144.95941299999998 -37.826101)),((144.96214 -37.825623,144.96214 -37.825722999999996,144.96204 -37.825722999999996,144.96204 -37.825623,144.96214 -37.825623)),((144.963614 -37.824169,144.963614 -37.824269,144.963514 -37.824269,144.963514 -37.824169,144.963614 -37.824169)),((144.962427 -37.821470999999995,144.962527 -37.821470999999995,144.962527 -37.821571,144.962427 -37.821571,144.962427 -37.821470999999995)),((145.004991 -37.866544999999995,145.005091 -37.866544999999995,145.005091 -37.866645,145.004991 -37.866645,145.004991 -37.866544999999995)),((144.979704 -37.862376999999995,144.979804 -37.862376999999995,144.979804 -37.862477,144.979704 -37.862477,144.979704 -37.862376999999995)),((144.97896799999998 -37.859046,144.97906799999998 -37.859046,144.97906799999998 -37.859145999999996,144.97896799999998 -37.859145999999996,144.97896799999998 -37.859046)),((144.981101 -37.852776999999996,144.981201 -37.852776999999996,144.981201 -37.852877,144.981101 -37.852877,144.981101 -37.852776999999996)),((144.97917999999999 -37.852236,144.97928 -37.852236,144.97928 -37.852336,144.97917999999999 -37.852336,144.97917999999999 -37.852236)),((144.979776 -37.849146,144.979876 -37.849146,144.979876 -37.849246,144.979776 -37.849246,144.979776 -37.849146)),((144.97907899999998 -37.846961,144.97907899999998 -37.847061,144.97897899999998 -37.847061,144.97897899999998 -37.846961,144.97907899999998 -37.846961)),((144.97900099999998 -37.846747,144.97900099999998 -37.846847,144.978901 -37.846847,144.978901 -37.846747,144.97900099999998 -37.846747)),((144.976156 -37.843992,144.976256 -37.843992,144.976256 -37.844091999999996,144.976156 -37.844091999999996,144.976156 -37.843992)),((144.97582 -37.843016,144.97592 -37.843016,144.97592 -37.843115999999995,144.97582 -37.843115999999995,144.97582 -37.843016)),((144.975631 -37.842487,144.975731 -37.842487,144.975731 -37.842587,144.975631 -37.842587,144.975631 -37.842487)),((144.976982 -37.841209,144.976982 -37.841308999999995,144.976882 -37.841308999999995,144.976882 -37.841209,144.976982 -37.841209)),((144.974358 -37.838726,144.974358 -37.838826,144.974258 -37.838826,144.974258 -37.838726,144.974358 -37.838726)),((144.975943 -37.838626,144.976043 -37.838626,144.976043 -37.838726,144.975943 -37.838726,144.975943 -37.838626)),((144.973751 -37.835743,144.973751 -37.835843,144.973651 -37.835843,144.973651 -37.835743,144.973751 -37.835743)),((144.974766 -37.835451,144.974766 -37.835550999999995,144.97466599999998 -37.835550999999995,144.97466599999998 -37.835451,144.974766 -37.835451)))', 7844)),
(29, 'VIC72', ST_GeomFromText('MULTIPOLYGON(((141.407928 -37.320685,141.407828 -37.320685,141.407828 -37.320585,141.407928 -37.320585,141.407928 -37.320685)),((142.85434 -37.150386,142.85434 -37.150286,142.85443999999998 -37.150286,142.85443999999998 -37.150386,142.85434 -37.150386)),((142.036409 -34.242506,142.036409 -34.242405999999995,142.036509 -34.242405999999995,142.036509 -34.242506,142.036409 -34.242506)),((142.14422199999998 -34.233407,142.14412199999998 -34.233407,142.14412199999998 -34.233306999999996,142.14422199999998 -34.233306999999996,142.14422199999998 -34.233407)),((142.12456699999998 -34.200084,142.12456699999998 -34.199984,142.124667 -34.199984,142.124667 -34.200084,142.12456699999998 -34.200084)),((142.059667 -34.166759,142.059667 -34.166658999999996,142.059767 -34.166658999999996,142.059767 -34.166759,142.059667 -34.166759)),((143.809068 -36.422726,143.808968 -36.422726,143.808968 -36.422626,143.809068 -36.422626,143.809068 -36.422726)),((144.246098 -35.940847,144.246098 -35.940747,144.246198 -35.940747,144.246198 -35.940847,144.246098 -35.940847)),((143.55428899999998 -35.909510999999995,143.55428899999998 -35.909411,143.554389 -35.909411,143.554389 -35.909510999999995,143.55428899999998 -35.909510999999995)),((143.92353699999998 -35.733274,143.923437 -35.733274,143.923437 -35.733174,143.92353699999998 -35.733174,143.92353699999998 -35.733274)),((143.26827699999998 -35.476028,143.26827699999998 -35.475927999999996,143.268377 -35.475927999999996,143.268377 -35.476028,143.26827699999998 -35.476028)),((143.490807 -35.306635,143.490807 -35.306535,143.490907 -35.306535,143.490907 -35.306635,143.490807 -35.306635)))', 7844)),
(30, 'VIC73', ST_GeomFromText('MULTIPOLYGON(((144.93724699999999 -37.786953,144.93714699999998 -37.786953,144.93714699999998 -37.786853,144.93724699999999 -37.786853,144.93724699999999 -37.786953)),((144.91619699999998 -37.782419,144.91609699999998 -37.782419,144.91609699999998 -37.782319,144.91619699999998 -37.782319,144.91619699999998 -37.782419)),((144.910155 -37.778665,144.910055 -37.778665,144.910055 -37.778565,144.910155 -37.778565,144.910155 -37.778665)),((144.937092 -37.759754,144.936992 -37.759754,144.936992 -37.759654,144.937092 -37.759654,144.937092 -37.759754)),((144.928533 -37.758876,144.92843299999998 -37.758876,144.92843299999998 -37.758776,144.928533 -37.758776,144.928533 -37.758876)),((144.916184 -37.722063,144.91608399999998 -37.722063,144.91608399999998 -37.721962999999995,144.916184 -37.721962999999995,144.916184 -37.722063)),((144.916431 -37.72175,144.91633099999999 -37.72175,144.91633099999999 -37.72165,144.916431 -37.72165,144.916431 -37.72175)),((144.911646 -37.708517,144.911646 -37.708417,144.911746 -37.708417,144.911746 -37.708517,144.911646 -37.708517)),((144.878986 -37.694165,144.878986 -37.694064999999995,144.879086 -37.694064999999995,144.879086 -37.694165,144.878986 -37.694165)))', 7844)),
(31, 'VIC74', ST_GeomFromText('MULTIPOLYGON(((144.63761599999998 -37.547955,144.63761599999998 -37.548055,144.637516 -37.548055,144.637516 -37.547955,144.63761599999998 -37.547955)),((144.584395 -37.490217,144.584295 -37.490217,144.584295 -37.490117,144.584395 -37.490117,144.584395 -37.490217)),((144.953451 -37.480878,144.953351 -37.480878,144.953351 -37.480778,144.953451 -37.480778,144.953451 -37.480878)),((144.695133 -37.466761999999996,144.695033 -37.466761999999996,144.695033 -37.466662,144.695133 -37.466662,144.695133 -37.466761999999996)),((145.079062 -37.432846999999995,145.078962 -37.432846999999995,145.078962 -37.432747,145.079062 -37.432747,145.079062 -37.432846999999995)),((144.97384 -37.418032,144.97374 -37.418032,144.97374 -37.417932,144.97384 -37.417932,144.97384 -37.418032)),((144.73288599999998 -37.360631,144.732786 -37.360631,144.732786 -37.360531,144.73288599999998 -37.360531,144.73288599999998 -37.360631)))', 7844)),
(32, 'VIC75', ST_GeomFromText('MULTIPOLYGON(((144.952473 -37.82263,144.952573 -37.82263,144.952573 -37.82273,144.952473 -37.82273,144.952473 -37.82263)),((144.95449399999998 -37.821492,144.95449399999998 -37.821591999999995,144.95439399999998 -37.821591999999995,144.95439399999998 -37.821492,144.95449399999998 -37.821492)),((144.953567 -37.821221,144.953567 -37.821321,144.953467 -37.821321,144.953467 -37.821221,144.953567 -37.821221)),((144.947022 -37.818242,144.947022 -37.818342,144.946922 -37.818342,144.946922 -37.818242,144.947022 -37.818242)),((144.95313 -37.815521,144.95313 -37.815621,144.95302999999998 -37.815621,144.95302999999998 -37.815521,144.95313 -37.815521)),((144.954137 -37.815388999999996,144.954137 -37.815489,144.954037 -37.815489,144.954037 -37.815388999999996,144.954137 -37.815388999999996)),((144.938064 -37.815270999999996,144.938064 -37.815371,144.937964 -37.815371,144.937964 -37.815270999999996,144.938064 -37.815270999999996)),((144.953471 -37.814431,144.953471 -37.814530999999995,144.953371 -37.814530999999995,144.953371 -37.814431,144.953471 -37.814431)),((144.952533 -37.814167,144.952533 -37.814267,144.95243299999998 -37.814267,144.95243299999998 -37.814167,144.952533 -37.814167)),((144.953328 -37.813986,144.953328 -37.814085999999996,144.953228 -37.814085999999996,144.953228 -37.813986,144.953328 -37.813986)),((144.95406 -37.81319,144.95406 -37.813289999999995,144.95396 -37.813289999999995,144.95396 -37.81319,144.95406 -37.81319)),((144.946194 -37.813142,144.946194 -37.813241999999995,144.946094 -37.813241999999995,144.946094 -37.813142,144.946194 -37.813142)),((144.95156599999999 -37.810899,144.95156599999999 -37.810998999999995,144.95146599999998 -37.810998999999995,144.95146599999998 -37.810899,144.95156599999999 -37.810899)),((144.944629 -37.805318,144.944629 -37.805417999999996,144.944529 -37.805417999999996,144.944529 -37.805318,144.944629 -37.805318)),((144.953297 -37.798646,144.953297 -37.798746,144.953197 -37.798746,144.953197 -37.798646,144.953297 -37.798646)),((144.943708 -37.798415999999996,144.943708 -37.798516,144.94360799999998 -37.798516,144.94360799999998 -37.798415999999996,144.943708 -37.798415999999996)),((144.94612 -37.798024,144.94612 -37.798124,144.94602 -37.798124,144.94602 -37.798024,144.94612 -37.798024)),((144.946349 -37.796769999999995,144.946349 -37.79687,144.946249 -37.79687,144.946249 -37.796769999999995,144.946349 -37.796769999999995)),((144.939434 -37.77964,144.939434 -37.77974,144.939334 -37.77974,144.939334 -37.77964,144.939434 -37.77964)),((144.955511 -37.820699,144.955511 -37.820799,144.955411 -37.820799,144.955411 -37.820699,144.955511 -37.820699)),((144.965703 -37.817701,144.965703 -37.817800999999996,144.965603 -37.817800999999996,144.965603 -37.817701,144.965703 -37.817701)),((144.958031 -37.817690999999996,144.958031 -37.817791,144.957931 -37.817791,144.957931 -37.817690999999996,144.958031 -37.817690999999996)),((144.96581899999998 -37.817516,144.96581899999998 -37.817616,144.965719 -37.817616,144.965719 -37.817516,144.96581899999998 -37.817516)),((144.961647 -37.817479,144.961647 -37.817578999999995,144.961547 -37.817578999999995,144.961547 -37.817479,144.961647 -37.817479)),((144.95922299999998 -37.817105,144.95922299999998 -37.817205,144.959123 -37.817205,144.959123 -37.817105,144.95922299999998 -37.817105)),((144.957201 -37.816846,144.957201 -37.816946,144.957101 -37.816946,144.957101 -37.816846,144.957201 -37.816846)),((144.956372 -37.815937999999996,144.956372 -37.816038,144.95627199999998 -37.816038,144.95627199999998 -37.815937999999996,144.956372 -37.815937999999996)),((144.96070699999999 -37.811453,144.96070699999999 -37.811552999999996,144.96060699999998 -37.811552999999996,144.96060699999998 -37.811453,144.96070699999999 -37.811453)),((144.96775 -37.811267,144.96775 -37.811367,144.96765 -37.811367,144.96765 -37.811267,144.96775 -37.811267)),((144.961262 -37.809311,144.961262 -37.809411,144.961162 -37.809411,144.961162 -37.809311,144.961262 -37.809311)),((144.967359 -37.808747,144.967359 -37.808847,144.96725899999998 -37.808847,144.96725899999998 -37.808747,144.967359 -37.808747)),((144.960784 -37.808279999999996,144.960784 -37.80838,144.960684 -37.80838,144.960684 -37.808279999999996,144.960784 -37.808279999999996)),((144.960569 -37.807811,144.960569 -37.807911,144.960469 -37.807911,144.960469 -37.807811,144.960569 -37.807811)),((144.961014 -37.807719,144.961014 -37.807818999999995,144.960914 -37.807818999999995,144.960914 -37.807719,144.961014 -37.807719)),((144.961964 -37.806272,144.961964 -37.806371999999996,144.961864 -37.806371999999996,144.961864 -37.806272,144.961964 -37.806272)),((144.961888 -37.805583999999996,144.961888 -37.805684,144.96178799999998 -37.805684,144.96178799999998 -37.805583999999996,144.961888 -37.805583999999996)),((144.955189 -37.803146999999996,144.955189 -37.803247,144.955089 -37.803247,144.955089 -37.803146999999996,144.955189 -37.803146999999996)),((144.955477 -37.800387,144.955477 -37.800487,144.955377 -37.800487,144.955377 -37.800387,144.955477 -37.800387)),((144.966871 -37.794202999999996,144.966871 -37.794303,144.966771 -37.794303,144.966771 -37.794202999999996,144.966871 -37.794202999999996)),((144.979853 -37.84665,144.979853 -37.84675,144.979753 -37.84675,144.979753 -37.84665,144.979853 -37.84665)),((144.979457 -37.845517,144.979457 -37.845617,144.979357 -37.845617,144.979357 -37.845517,144.979457 -37.845517)),((144.98889699999998 -37.844186,144.98889699999998 -37.844286,144.988797 -37.844286,144.988797 -37.844186,144.98889699999998 -37.844186)),((144.978676 -37.843363,144.978676 -37.843463,144.978576 -37.843463,144.978576 -37.843363,144.978676 -37.843363)),((144.997155 -37.838981,144.997155 -37.839081,144.997055 -37.839081,144.997055 -37.838981,144.997155 -37.838981)),((144.976925 -37.838571,144.976925 -37.838671,144.976825 -37.838671,144.976825 -37.838571,144.976925 -37.838571)),((144.997457 -37.836796,144.997457 -37.836895999999996,144.997357 -37.836895999999996,144.997357 -37.836796,144.997457 -37.836796)),((144.992928 -37.826707,144.992928 -37.826806999999995,144.992828 -37.826806999999995,144.992828 -37.826707,144.992928 -37.826707)),((144.968009 -37.81301,144.968009 -37.81311,144.967909 -37.81311,144.967909 -37.81301,144.968009 -37.81301)),((144.968863 -37.812753,144.968863 -37.812853,144.968763 -37.812853,144.968763 -37.812753,144.968863 -37.812753)),((144.969014 -37.812267999999996,144.969014 -37.812368,144.96891399999998 -37.812368,144.96891399999998 -37.812267999999996,144.969014 -37.812267999999996)),((145.014199 -37.811709,145.014199 -37.811809,145.014099 -37.811809,145.014099 -37.811709,145.014199 -37.811709)),((145.009571 -37.811543,145.009571 -37.811643,145.009471 -37.811643,145.009471 -37.811543,145.009571 -37.811543)),((144.968522 -37.809131,144.968522 -37.809231,144.968422 -37.809231,144.968422 -37.809131,144.968522 -37.809131)),((144.987221 -37.805744,144.987221 -37.805844,144.987121 -37.805844,144.987121 -37.805744,144.987221 -37.805744)),((144.981854 -37.802687999999996,144.981854 -37.802788,144.981754 -37.802788,144.981754 -37.802687999999996,144.981854 -37.802687999999996)),((144.99776799999998 -37.801075999999995,144.99776799999998 -37.801176,144.997668 -37.801176,144.997668 -37.801075999999995,144.99776799999998 -37.801075999999995)),((144.971055 -37.793036,144.971055 -37.793136,144.970955 -37.793136,144.970955 -37.793036,144.971055 -37.793036)))', 7844)),
(33, 'VIC76', ST_GeomFromText('MULTIPOLYGON(((145.122009 -37.843343999999995,145.121909 -37.843343999999995,145.121909 -37.843244,145.122009 -37.843244,145.122009 -37.843343999999995)),((145.11687799999999 -37.817915,145.11677799999998 -37.817915,145.11677799999998 -37.817814999999996,145.11687799999999 -37.817814999999996,145.11687799999999 -37.817915)),((145.12311 -37.816145999999996,145.12301 -37.816145999999996,145.12301 -37.816046,145.12311 -37.816046,145.12311 -37.816145999999996)),((145.115324 -37.809733,145.115324 -37.809633,145.115424 -37.809633,145.115424 -37.809733,145.115324 -37.809733)),((145.152491 -37.801669,145.152491 -37.801569,145.152591 -37.801569,145.152591 -37.801669,145.152491 -37.801669)),((145.147632 -37.786235999999995,145.14753199999998 -37.786235999999995,145.14753199999998 -37.786136,145.147632 -37.786136,145.147632 -37.786235999999995)),((145.13169399999998 -37.775397,145.131594 -37.775397,145.131594 -37.775296999999995,145.13169399999998 -37.775296999999995,145.13169399999998 -37.775397)),((145.14962699999998 -37.773291,145.149527 -37.773291,145.149527 -37.773191,145.14962699999998 -37.773191,145.14962699999998 -37.773291)),((145.095484 -37.768741999999996,145.095484 -37.768642,145.095584 -37.768642,145.095584 -37.768741999999996,145.095484 -37.768741999999996)),((145.158186 -37.753644,145.158186 -37.753544,145.158286 -37.753544,145.158286 -37.753644,145.158186 -37.753644)))', 7844)),
(34, 'VIC77', ST_GeomFromText('MULTIPOLYGON(((145.788953 -38.679323,145.788853 -38.679323,145.788853 -38.679223,145.788953 -38.679223,145.788953 -38.679323)),((145.59832 -38.593505,145.59822 -38.593505,145.59822 -38.593405,145.59832 -38.593405,145.59832 -38.593505)),((145.27736299999998 -38.506854,145.277263 -38.506854,145.277263 -38.506754,145.27736299999998 -38.506754,145.27736299999998 -38.506854)),((145.936323 -38.472246,145.93622299999998 -38.472246,145.93622299999998 -38.472145999999995,145.936323 -38.472145999999995,145.936323 -38.472246)),((145.83105999999998 -38.440176,145.83096 -38.440176,145.83096 -38.440076,145.83105999999998 -38.440076,145.83105999999998 -38.440176)),((146.158097 -38.219442,146.157997 -38.219442,146.157997 -38.219342,146.158097 -38.219342,146.158097 -38.219442)),((145.933085 -38.158968,145.932985 -38.158968,145.932985 -38.158868,145.933085 -38.158868,145.933085 -38.158968)),((145.766019 -38.110081,145.765919 -38.110081,145.765919 -38.109981,145.766019 -38.109981,145.766019 -38.110081)))', 7844)),
(35, 'VIC78', ST_GeomFromText('MULTIPOLYGON(((144.932822 -37.293326,144.93272199999998 -37.293326,144.93272199999998 -37.293226,144.932822 -37.293226,144.932822 -37.293326)),((145.155456 -36.781458,145.15535599999998 -36.781458,145.15535599999998 -36.781358,145.155456 -36.781358,145.155456 -36.781458)),((145.16893299999998 -36.751913,145.168833 -36.751913,145.168833 -36.751813,145.16893299999998 -36.751813,145.16893299999998 -36.751913)),((145.418838 -36.366167,145.418738 -36.366167,145.418738 -36.366067,145.418838 -36.366067,145.418838 -36.366167)),((145.407302 -36.360032,145.40720199999998 -36.360032,145.40720199999998 -36.359932,145.407302 -36.359932,145.407302 -36.360032)),((145.05306 -36.311484,145.05295999999998 -36.311484,145.05295999999998 -36.311384,145.05306 -36.311384,145.05306 -36.311484)),((144.55468399999998 -36.011179999999996,144.554584 -36.011179999999996,144.554584 -36.01108,144.55468399999998 -36.01108,144.55468399999998 -36.011179999999996)),((146.018451 -36.008109,146.018451 -36.008009,146.018551 -36.008009,146.018551 -36.008109,146.018451 -36.008109)),((144.484185 -35.979569,144.484185 -35.979469,144.484285 -35.979469,144.484285 -35.979569,144.484185 -35.979569)))', 7844)),
(36, 'VIC79', ST_GeomFromText('MULTIPOLYGON(((145.03286699999998 -37.682646,145.03286699999998 -37.682746,145.032767 -37.682746,145.032767 -37.682646,145.03286699999998 -37.682646)),((145.085838 -37.647915,145.085738 -37.647915,145.085738 -37.647815,145.085838 -37.647815,145.085838 -37.647915)),((145.052742 -37.640809,145.052642 -37.640809,145.052642 -37.640709,145.052742 -37.640709,145.052742 -37.640809)),((145.064269 -37.637029,145.064269 -37.637129,145.064169 -37.637129,145.064169 -37.637029,145.064269 -37.637029)),((145.004886 -37.636886,145.004786 -37.636886,145.004786 -37.636786,145.004886 -37.636786,145.004886 -37.636886)),((144.998122 -37.613898999999996,144.998022 -37.613898999999996,144.998022 -37.613799,144.998122 -37.613799,144.998122 -37.613898999999996)))', 7844)),
(37, 'VIC80', ST_GeomFromText('MULTIPOLYGON(((143.55794799999998 -38.632483,143.55794799999998 -38.632583,143.557848 -38.632583,143.557848 -38.632483,143.55794799999998 -38.632483)),((143.972414 -38.534596,143.97231399999998 -38.534596,143.97231399999998 -38.534496,143.972414 -38.534496,143.972414 -38.534596)),((142.518034 -38.376366,142.517934 -38.376366,142.517934 -38.376266,142.518034 -38.376266,142.518034 -38.376366)),((141.597339 -38.360006,141.597339 -38.360106,141.597239 -38.360106,141.597239 -38.360006,141.597339 -38.360006)),((144.000247 -38.233776,144.000147 -38.233776,144.000147 -38.233675999999996,144.000247 -38.233675999999996,144.000247 -38.233776)),((142.01668899999999 -37.740006,142.01658899999998 -37.740006,142.01658899999998 -37.739906,142.01668899999999 -37.739906,142.01668899999999 -37.740006)))', 7844)),
(38, 'VIC81', ST_GeomFromText('MULTIPOLYGON(((144.97531999999998 -37.774443999999995,144.97522 -37.774443999999995,144.97522 -37.774344,144.97531999999998 -37.774344,144.97531999999998 -37.774443999999995)),((144.97312599999998 -37.765014,144.973026 -37.765014,144.973026 -37.764914,144.97312599999998 -37.764914,144.97312599999998 -37.765014)),((144.945699 -37.764115,144.945599 -37.764115,144.945599 -37.764015,144.945699 -37.764015,144.945699 -37.764115)),((144.96919 -37.753555,144.96909 -37.753555,144.96909 -37.753454999999995,144.96919 -37.753454999999995,144.96919 -37.753555)),((144.956919 -37.733823,144.956819 -37.733823,144.956819 -37.733723,144.956919 -37.733723,144.956919 -37.733823)),((144.92647599999998 -37.730456,144.926376 -37.730456,144.926376 -37.730356,144.92647599999998 -37.730356,144.92647599999998 -37.730456)),((144.926089 -37.727574,144.925989 -37.727574,144.925989 -37.727474,144.926089 -37.727474,144.926089 -37.727574)),((144.965968 -37.696121,144.965868 -37.696121,144.965868 -37.696021,144.965968 -37.696021,144.965968 -37.696121)))', 7844));
CREATE TABLE IF NOT EXISTS raw_admin_bdys_202602.aus_lga (gid integer PRIMARY KEY, lga_pid text NOT NULL, abb_name text, lga_name text NOT NULL, state text NOT NULL, geom geometry(MultiPolygon, 7844) NOT NULL);
INSERT INTO raw_admin_bdys_202602.aus_lga (gid, lga_pid, abb_name, lga_name, state, geom) VALUES
(1, 'lga0061bf039442', 'Loddon', 'Loddon', 'VIC', ST_GeomFromText('MULTIPOLYGON(((143.808968 -36.422626,143.809068 -36.422626,143.809068 -36.422726,143.808968 -36.422726,143.808968 -36.422626)),((144.246098 -35.940747,144.246198 -35.940747,144.246198 -35.940847,144.246098 -35.940847,144.246098 -35.940747)))', 7844)),
(2, 'lga0450031d71ce', 'Whitehorse', 'Whitehorse', 'VIC', ST_GeomFromText('MULTIPOLYGON(((145.122009 -37.843244,145.122009 -37.843343999999995,145.121909 -37.843343999999995,145.121909 -37.843244,145.122009 -37.843244)),((145.111051 -37.842565,145.110951 -37.842565,145.110951 -37.842465,145.111051 -37.842465,145.111051 -37.842565)),((145.194596 -37.837689999999995,145.194496 -37.837689999999995,145.194496 -37.83759,145.194596 -37.83759,145.194596 -37.837689999999995)),((145.11687799999999 -37.817915,145.11677799999998 -37.817915,145.11677799999998 -37.817814999999996,145.11687799999999 -37.817814999999996,145.11687799999999 -37.817915)),((145.12311 -37.816145999999996,145.12301 -37.816145999999996,145.12301 -37.816046,145.12311 -37.816046,145.12311 -37.816145999999996)),((145.115424 -37.809733,145.115324 -37.809733,145.115324 -37.809633,145.115424 -37.809633,145.115424 -37.809733)),((145.152591 -37.801669,145.152491 -37.801669,145.152491 -37.801569,145.152591 -37.801569,145.152591 -37.801669)))', 7844)),
(3, 'lga0930e8ebad68', 'Boroondara', 'Boroondara', 'VIC', ST_GeomFromText('MULTIPOLYGON(((145.04126499999998 -37.838466,145.041165 -37.838466,145.041165 -37.838366,145.04126499999998 -37.838366,145.04126499999998 -37.838466)),((145.045404 -37.829941,145.045304 -37.829941,145.045304 -37.829841,145.045404 -37.829841,145.045404 -37.829941)),((145.034385 -37.827000999999996,145.03428499999998 -37.827000999999996,145.03428499999998 -37.826901,145.034385 -37.826901,145.034385 -37.827000999999996)),((145.042869 -37.826647,145.042869 -37.826547,145.042969 -37.826547,145.042969 -37.826647,145.042869 -37.826647)),((145.0204 -37.812968,145.0204 -37.812868,145.0205 -37.812868,145.0205 -37.812968,145.0204 -37.812968)),((145.027876 -37.802928,145.027776 -37.802928,145.027776 -37.802828,145.027876 -37.802828,145.027876 -37.802928)),((145.07377 -37.838097,145.07377 -37.837997,145.07387 -37.837997,145.07387 -37.838097,145.07377 -37.838097)),((145.09392699999998 -37.836247,145.09392699999998 -37.836147,145.09402699999998 -37.836147,145.09402699999998 -37.836247,145.09392699999998 -37.836247)),((145.08381 -37.824183,145.08371 -37.824183,145.08371 -37.824083,145.08381 -37.824083,145.08381 -37.824183)),((145.060992 -37.822610999999995,145.060992 -37.822511,145.061092 -37.822511,145.061092 -37.822610999999995,145.060992 -37.822610999999995)),((145.092273 -37.786398,145.092273 -37.786297999999995,145.09237299999998 -37.786297999999995,145.09237299999998 -37.786398,145.092273 -37.786398)))', 7844)),
(4, 'lga0eac1885ea16', 'Mount Alexander', 'Mount Alexander', 'VIC', ST_GeomFromText('MULTIPOLYGON(((144.04549799999998 -37.064997999999996,144.04559799999998 -37.064997999999996,144.04559799999998 -37.065098,144.04549799999998 -37.065098,144.04549799999998 -37.064997999999996)),((144.181479 -36.988698,144.181579 -36.988698,144.181579 -36.988797999999996,144.181479 -36.988797999999996,144.181479 -36.988698)))', 7844)),
(5, 'lga136d886cbd2c', 'Alpine', 'Alpine', 'VIC', ST_GeomFromText('MULTIPOLYGON(((147.156768 -36.746879,147.156868 -36.746879,147.156868 -36.746978999999996,147.156768 -36.746978999999996,147.156768 -36.746879)),((147.039229 -36.479078,147.03932899999998 -36.479078,147.03932899999998 -36.479178,147.039229 -36.479178,147.039229 -36.479078)))', 7844)),
(6, 'lga15c9c80d4be7', 'Monash', 'Monash', 'VIC', ST_GeomFromText('MULTIPOLYGON(((145.17627199999998 -37.92772,145.17617199999998 -37.92772,145.17617199999998 -37.92762,145.17627199999998 -37.92762,145.17627199999998 -37.92772)),((145.19474499999998 -37.920714,145.19464499999998 -37.920714,145.19464499999998 -37.920614,145.19474499999998 -37.920614,145.19474499999998 -37.920714)),((145.128122 -37.911694,145.128022 -37.911694,145.128022 -37.911594,145.128122 -37.911594,145.128122 -37.911694)),((145.167004 -37.909782,145.167004 -37.909682,145.167104 -37.909682,145.167104 -37.909782,145.167004 -37.909782)),((145.167294 -37.908197,145.167294 -37.908097,145.167394 -37.908097,145.167394 -37.908197,145.167294 -37.908197)),((145.098329 -37.883556999999996,145.098229 -37.883556999999996,145.098229 -37.883457,145.098329 -37.883457,145.098329 -37.883556999999996)),((145.138378 -37.88012,145.13827799999999 -37.88012,145.13827799999999 -37.88002,145.138378 -37.88002,145.138378 -37.88012)),((145.09788 -37.872614999999996,145.09778 -37.872614999999996,145.09778 -37.872515,145.09788 -37.872515,145.09788 -37.872614999999996)),((145.10386599999998 -37.868204999999996,145.10386599999998 -37.868105,145.10396599999999 -37.868105,145.10396599999999 -37.868204999999996,145.10386599999998 -37.868204999999996)),((145.107203 -37.859348,145.107203 -37.859248,145.107303 -37.859248,145.107303 -37.859348,145.107203 -37.859348)))', 7844)),
(7, 'lga1a08aa92f8c2', 'Southern Grampians', 'Southern Grampians', 'VIC', ST_GeomFromText('MULTIPOLYGON(((142.01658899999998 -37.740006,142.01658899999998 -37.739906,142.01668899999999 -37.739906,142.01668899999999 -37.740006,142.01658899999998 -37.740006)))', 7844)),
(8, 'lga1a793093877f', 'Greater Shepparton', 'Greater Shepparton', 'VIC', ST_GeomFromText('MULTIPOLYGON(((145.418738 -36.366067,145.418838 -36.366067,145.418838 -36.366167,145.418738 -36.366167,145.418738 -36.366067)),((145.40720199999998 -36.359932,145.407302 -36.359932,145.407302 -36.360032,145.40720199999998 -36.360032,145.40720199999998 -36.359932)))', 7844)),
(9, 'lga224186279c28', 'Hobsons Bay', 'Hobsons Bay', 'VIC', ST_GeomFromText('MULTIPOLYGON(((144.78546 -37.870644,144.78546 -37.870743999999995,144.78536 -37.870743999999995,144.78536 -37.870644,144.78546 -37.870644)),((144.908207 -37.864475,144.908207 -37.864574999999995,144.908107 -37.864574999999995,144.908107 -37.864475,144.908207 -37.864475)),((144.767046 -37.860901,144.767046 -37.861001,144.766946 -37.861001,144.766946 -37.860901,144.767046 -37.860901)),((144.772294 -37.860701,144.77219399999998 -37.860701,144.77219399999998 -37.860600999999996,144.772294 -37.860600999999996,144.772294 -37.860701)),((144.835636 -37.83092,144.835536 -37.83092,144.835536 -37.830819999999996,144.835636 -37.830819999999996,144.835636 -37.83092)))', 7844)),
(10, 'lga227fb535494c', 'Greater Geelong', 'Greater Geelong', 'VIC', ST_GeomFromText('MULTIPOLYGON(((144.327135 -38.225539999999995,144.327135 -38.22544,144.327235 -38.22544,144.327235 -38.225539999999995,144.327135 -38.225539999999995)),((144.340885 -38.20612,144.340885 -38.206019999999995,144.340985 -38.206019999999995,144.340985 -38.20612,144.340885 -38.20612)),((144.458391 -38.18684,144.458391 -38.18674,144.45849099999998 -38.18674,144.45849099999998 -38.18684,144.458391 -38.18684)),((144.374045 -38.167455,144.374045 -38.167355,144.374145 -38.167355,144.374145 -38.167455,144.374045 -38.167455)),((144.35019499999999 -38.139081999999995,144.35019499999999 -38.138982,144.350295 -38.138982,144.350295 -38.139081999999995,144.35019499999999 -38.139081999999995)),((144.320561 -38.126781,144.320561 -38.126681,144.320661 -38.126681,144.320661 -38.126781,144.320561 -38.126781)),((144.343552 -38.082898,144.343552 -38.082798,144.343652 -38.082798,144.343652 -38.082898,144.343552 -38.082898)),((144.40043799999998 -38.033471,144.40053799999998 -38.033471,144.40053799999998 -38.033570999999995,144.40043799999998 -38.033570999999995,144.40043799999998 -38.033471)),((144.425295 -38.030183,144.42539499999998 -38.030183,144.42539499999998 -38.030283,144.425295 -38.030283,144.425295 -38.030183)),((144.362114 -38.017413,144.362114 -38.017313,144.362214 -38.017313,144.362214 -38.017413,144.362114 -38.017413)),((144.516593 -38.269857,144.516593 -38.269757,144.516693 -38.269757,144.516693 -38.269857,144.516593 -38.269857)),((144.544346 -38.269473999999995,144.544346 -38.269374,144.544446 -38.269374,144.544446 -38.269473999999995,144.544346 -38.269473999999995)),((144.49021299999998 -38.266408999999996,144.490313 -38.266408999999996,144.490313 -38.266509,144.49021299999998 -38.266509,144.49021299999998 -38.266408999999996)),((144.55461599999998 -38.261476,144.55471599999998 -38.261476,144.55471599999998 -38.261576,144.55461599999998 -38.261576,144.55461599999998 -38.261476)),((144.462365 -38.202529,144.462365 -38.202428999999995,144.46246499999998 -38.202428999999995,144.46246499999998 -38.202529,144.462365 -38.202529)),((144.712934 -38.183564,144.712934 -38.183464,144.713034 -38.183464,144.713034 -38.183564,144.712934 -38.183564)),((144.5574 -38.162856,144.5574 -38.162756,144.5575 -38.162756,144.5575 -38.162856,144.5574 -38.162856)),((144.70917 -38.136907,144.70927 -38.136907,144.70927 -38.137007,144.70917 -38.137007,144.70917 -38.136907)),((144.641112 -38.111340999999996,144.641212 -38.111340999999996,144.641212 -38.111441,144.641112 -38.111441,144.641112 -38.111340999999996)))', 7844)),
(11, 'lga2513fbdd7033', 'Maribyrnong', 'Maribyrnong', 'VIC', ST_GeomFromText('MULTIPOLYGON(((144.902548 -37.798831,144.902648 -37.798831,144.902648 -37.798930999999996,144.902548 -37.798930999999996,144.902548 -37.798831)),((144.889046 -37.795159,144.889046 -37.795259,144.888946 -37.795259,144.888946 -37.795159,144.889046 -37.795159)),((144.88191799999998 -37.790769,144.88191799999998 -37.790869,144.88181799999998 -37.790869,144.88181799999998 -37.790769,144.88191799999998 -37.790769)))', 7844)),
(12, 'lga26260a89bb1b', 'Glenelg', 'Glenelg', 'VIC', ST_GeomFromText('MULTIPOLYGON(((141.597239 -38.360106,141.597239 -38.360006,141.597339 -38.360006,141.597339 -38.360106,141.597239 -38.360106)))', 7844)),
(13, 'lga292a6552ec8c', 'Gannawarra', 'Gannawarra', 'VIC', ST_GeomFromText('MULTIPOLYGON(((143.55428899999998 -35.909411,143.554389 -35.909411,143.554389 -35.909510999999995,143.55428899999998 -35.909510999999995,143.55428899999998 -35.909411)),((143.923437 -35.733174,143.92353699999998 -35.733174,143.92353699999998 -35.733274,143.923437 -35.733274,143.923437 -35.733174)))', 7844)),
(14, 'lga2f887f3655b9', 'Swan Hill', 'Swan Hill', 'VIC', ST_GeomFromText('MULTIPOLYGON(((143.26827699999998 -35.475927999999996,143.268377 -35.475927999999996,143.268377 -35.476028,143.26827699999998 -35.476028,143.26827699999998 -35.475927999999996)),((143.490807 -35.306535,143.490907 -35.306535,143.490907 -35.306635,143.490807 -35.306635,143.490807 -35.306535)))', 7844)),
(15, 'lga3476c1d9fd7f', 'Hume', 'Hume', 'VIC', ST_GeomFromText('MULTIPOLYGON(((144.879086 -37.694165,144.878986 -37.694165,144.878986 -37.694064999999995,144.879086 -37.694064999999995,144.879086 -37.694165)),((144.919388 -37.684309,144.919288 -37.684309,144.919288 -37.684208999999996,144.919388 -37.684208999999996,144.919388 -37.684309)),((144.925526 -37.657997,144.925426 -37.657997,144.925426 -37.657897,144.925526 -37.657897,144.925526 -37.657997)),((144.924737 -37.649798,144.924737 -37.649698,144.924837 -37.649698,144.924837 -37.649798,144.924737 -37.649798)),((144.873032 -37.640737,144.873032 -37.640637,144.873132 -37.640637,144.873132 -37.640737,144.873032 -37.640737)),((144.904033 -37.541678999999995,144.903933 -37.541678999999995,144.903933 -37.541579,144.904033 -37.541579,144.904033 -37.541678999999995)),((144.92745499999998 -37.691699,144.92745499999998 -37.691599,144.92755499999998 -37.691599,144.92755499999998 -37.691699,144.92745499999998 -37.691699)),((144.933779 -37.688711999999995,144.933779 -37.688612,144.933879 -37.688612,144.933879 -37.688711999999995,144.933779 -37.688711999999995)),((144.932381 -37.687939,144.932281 -37.687939,144.932281 -37.687839,144.932381 -37.687839,144.932381 -37.687939)),((144.934101 -37.633033999999995,144.934101 -37.632934,144.934201 -37.632934,144.934201 -37.633033999999995,144.934101 -37.633033999999995)),((144.940858 -37.531054,144.940858 -37.530954,144.940958 -37.530954,144.940958 -37.531054,144.940858 -37.531054)))', 7844)),
(16, 'lga42b2fd54c1e9', 'Melton', 'Melton', 'VIC', ST_GeomFromText('MULTIPOLYGON(((144.74129 -37.723546999999996,144.74129 -37.723647,144.74119 -37.723647,144.74119 -37.723546999999996,144.74129 -37.723546999999996)),((144.751714 -37.721692999999995,144.751614 -37.721692999999995,144.751614 -37.721593,144.751714 -37.721593,144.751714 -37.721692999999995)),((144.73457 -37.718664,144.73447 -37.718664,144.73447 -37.718564,144.73457 -37.718564,144.73457 -37.718664)),((144.541786 -37.697838,144.541686 -37.697838,144.541686 -37.697738,144.541786 -37.697738,144.541786 -37.697838)),((144.713711 -37.693926999999995,144.713611 -37.693926999999995,144.713611 -37.693827,144.713711 -37.693827,144.713711 -37.693926999999995)),((144.604807 -37.68512,144.604707 -37.68512,144.604707 -37.68502,144.604807 -37.68502,144.604807 -37.68512)),((144.582535 -37.655772999999996,144.582435 -37.655772999999996,144.582435 -37.655673,144.582535 -37.655673,144.582535 -37.655772999999996)))', 7844)),
(17, 'lga4449559268d6', 'Yarra', 'Yarra', 'VIC', ST_GeomFromText('MULTIPOLYGON(((144.992928 -37.826707,144.992928 -37.826806999999995,144.992828 -37.826806999999995,144.992828 -37.826707,144.992928 -37.826707)),((145.014199 -37.811809,145.014099 -37.811809,145.014099 -37.811709,145.014199 -37.811709,145.014199 -37.811809)),((145.009571 -37.811643,145.009471 -37.811643,145.009471 -37.811543,145.009571 -37.811543,145.009571 -37.811643)),((144.987221 -37.805744,144.987221 -37.805844,144.987121 -37.805844,144.987121 -37.805744,144.987221 -37.805744)),((144.981854 -37.802788,144.981754 -37.802788,144.981754 -37.802687999999996,144.981854 -37.802687999999996,144.981854 -37.802788)),((144.99776799999998 -37.801176,144.997668 -37.801176,144.997668 -37.801075999999995,144.99776799999998 -37.801075999999995,144.99776799999998 -37.801176)))', 7844)),
(18, 'lga4d167b5c075b', 'Wellington', 'Wellington', 'VIC', ST_GeomFromText('MULTIPOLYGON(((147.06259599999998 -38.104306,147.062696 -38.104306,147.062696 -38.104406,147.06259599999998 -38.104406,147.06259599999998 -38.104306)),((147.059474 -38.10049,147.059574 -38.10049,147.059574 -38.10059,147.059474 -38.10059,147.059474 -38.10049)))', 7844)),
(19, 'lga4e7c0f04e5f4', 'Moira', 'Moira', 'VIC', ST_GeomFromText('MULTIPOLYGON(((146.018451 -36.008109,146.018451 -36.008009,146.018551 -36.008009,146.018551 -36.008109,146.018451 -36.008109)))', 7844)),
(20, 'lga4eb6e129e4f4', 'Moorabool', 'Moorabool', 'VIC', ST_GeomFromText('MULTIPOLYGON(((144.430113 -37.686419,144.43021299999998 -37.686419,144.43021299999998 -37.686519,144.430113 -37.686519,144.430113 -37.686419)),((144.418765 -37.673635999999995,144.41886499999998 -37.673635999999995,144.41886499999998 -37.673736,144.418765 -37.673736,144.418765 -37.673635999999995)))', 7844)),
(21, 'lga53026dafea91', 'Wyndham', 'Wyndham', 'VIC', ST_GeomFromText('MULTIPOLYGON(((144.63743499999998 -37.907703999999995,144.637335 -37.907703999999995,144.637335 -37.907604,144.63743499999998 -37.907604,144.63743499999998 -37.907703999999995)),((144.662451 -37.89787,144.662451 -37.89777,144.662551 -37.89777,144.662551 -37.89787,144.662451 -37.89787)),((144.6195 -37.897523,144.6195 -37.897422999999996,144.6196 -37.897422999999996,144.6196 -37.897523,144.6195 -37.897523)),((144.584147 -37.890406,144.584047 -37.890406,144.584047 -37.890305999999995,144.584147 -37.890305999999995,144.584147 -37.890406)),((144.61172299999998 -37.885449,144.61172299999998 -37.885349,144.611823 -37.885349,144.611823 -37.885449,144.61172299999998 -37.885449)),((144.58279199999998 -37.864005,144.58279199999998 -37.863904999999995,144.582892 -37.863904999999995,144.582892 -37.864005,144.58279199999998 -37.864005)),((144.730378 -37.908142,144.730278 -37.908142,144.730278 -37.908042,144.730378 -37.908042,144.730378 -37.908142)),((144.764746 -37.906393,144.764746 -37.906293,144.764846 -37.906293,144.764846 -37.906393,144.764746 -37.906393)),((144.767588 -37.906331,144.767588 -37.906231,144.767688 -37.906231,144.767688 -37.906331,144.767588 -37.906331)),((144.75310199999998 -37.899037,144.75300199999998 -37.899037,144.75300199999998 -37.898937,144.75310199999998 -37.898937,144.75310199999998 -37.899037)),((144.665889 -37.886224,144.665889 -37.886123999999995,144.665989 -37.886123999999995,144.665989 -37.886224,144.665889 -37.886224)),((144.691685 -37.840635999999996,144.691685 -37.840536,144.69178499999998 -37.840536,144.69178499999998 -37.840635999999996,144.691685 -37.840635999999996)))', 7844)),
(22, 'lga53f7b61b0ed6', 'Bayside', 'Bayside', 'VIC', ST_GeomFromText('MULTIPOLYGON(((145.004315 -37.942522,145.004215 -37.942522,145.004215 -37.942422,145.004315 -37.942422,145.004315 -37.942522)),((145.003594 -37.930347,145.003594 -37.930247,145.003694 -37.930247,145.003694 -37.930347,145.003594 -37.930347)),((144.991331 -37.91066,144.991331 -37.91056,144.991431 -37.91056,144.991431 -37.91066,144.991331 -37.91066)),((145.007297 -37.904999,145.007197 -37.904999,145.007197 -37.904899,145.007297 -37.904899,145.007297 -37.904999)),((145.000815 -37.903642999999995,145.000815 -37.903543,145.000915 -37.903543,145.000915 -37.903642999999995,145.000815 -37.903642999999995)),((144.993272 -37.895233999999995,144.993272 -37.895134,144.993372 -37.895134,144.993372 -37.895233999999995,144.993272 -37.895233999999995)),((144.99672999999999 -37.887952,144.99662999999998 -37.887952,144.99662999999998 -37.887851999999995,144.99672999999999 -37.887851999999995,144.99672999999999 -37.887952)),((145.013745 -37.967679,145.013745 -37.967579,145.013845 -37.967579,145.013845 -37.967679,145.013745 -37.967679)),((145.04083799999998 -37.962171999999995,145.04083799999998 -37.962072,145.04093799999998 -37.962072,145.04093799999998 -37.962171999999995,145.04083799999998 -37.962171999999995)),((145.038453 -37.958901999999995,145.038453 -37.958802,145.038553 -37.958802,145.038553 -37.958901999999995,145.038453 -37.958901999999995)),((145.03892199999999 -37.951510999999996,145.03892199999999 -37.951411,145.039022 -37.951411,145.039022 -37.951510999999996,145.03892199999999 -37.951510999999996)),((145.035786 -37.945164999999996,145.035786 -37.945065,145.035886 -37.945065,145.035886 -37.945164999999996,145.035786 -37.945164999999996)),((145.016058 -37.932032,145.016058 -37.931931999999996,145.016158 -37.931931999999996,145.016158 -37.932032,145.016058 -37.932032)))', 7844)),
(23, 'lga5591321694d6', 'Banyule', 'Banyule', 'VIC', ST_GeomFromText('MULTIPOLYGON(((145.046801 -37.772652,145.046801 -37.772752,145.04670099999998 -37.772752,145.04670099999998 -37.772652,145.046801 -37.772652)),((145.057389 -37.769357,145.057289 -37.769357,145.057289 -37.769256999999996,145.057389 -37.769256999999996,145.057389 -37.769357)),((145.05499799999998 -37.742034,145.05489799999998 -37.742034,145.05489799999998 -37.741934,145.05499799999998 -37.741934,145.05499799999998 -37.742034)),((145.044926 -37.739185,145.044926 -37.739284999999995,145.044826 -37.739284999999995,145.044826 -37.739185,145.044926 -37.739185)),((145.059953 -37.734221999999995,145.059853 -37.734221999999995,145.059853 -37.734122,145.059953 -37.734122,145.059953 -37.734221999999995)),((145.082188 -37.710508,145.082088 -37.710508,145.082088 -37.710408,145.082188 -37.710408,145.082188 -37.710508)))', 7844)),
(24, 'lga575ae7e97596', 'Greater Bendigo', 'Greater Bendigo', 'VIC', ST_GeomFromText('MULTIPOLYGON(((144.233915 -36.778974,144.233815 -36.778974,144.233815 -36.778874,144.233915 -36.778874,144.233915 -36.778974)),((144.285431 -36.750732,144.28533099999999 -36.750732,144.28533099999999 -36.750631999999996,144.285431 -36.750631999999996,144.285431 -36.750732)),((144.279446 -36.745512999999995,144.279346 -36.745512999999995,144.279346 -36.745413,144.279446 -36.745413,144.279446 -36.745512999999995)),((144.1302 -36.728214,144.1302 -36.728114,144.1303 -36.728114,144.1303 -36.728214,144.1302 -36.728214)),((144.28903499999998 -36.713055,144.28903499999998 -36.712955,144.289135 -36.712955,144.289135 -36.713055,144.28903499999998 -36.713055)),((144.28407099999998 -36.708484,144.28397099999998 -36.708484,144.28397099999998 -36.708383999999995,144.28407099999998 -36.708383999999995,144.28407099999998 -36.708484)),((144.78255099999998 -36.955617,144.78255099999998 -36.955517,144.782651 -36.955517,144.782651 -36.955617,144.78255099999998 -36.955617)),((144.538095 -36.88754,144.538095 -36.88744,144.538195 -36.88744,144.538195 -36.88754,144.538095 -36.88754)),((144.336329 -36.79378,144.336229 -36.79378,144.336229 -36.793679999999995,144.336329 -36.793679999999995,144.336329 -36.79378)),((144.770673 -36.762142,144.770673 -36.762042,144.770773 -36.762042,144.770773 -36.762142,144.770673 -36.762142)),((144.307809 -36.741631,144.307809 -36.741530999999995,144.307909 -36.741530999999995,144.307909 -36.741631,144.307809 -36.741631)))', 7844)),
(25, 'lga5bfafb32b8d5', 'Darebin', 'Darebin', 'VIC', ST_GeomFromText('MULTIPOLYGON(((144.996784 -37.783093,144.996684 -37.783093,144.996684 -37.782993,144.996784 -37.782993,144.996784 -37.783093)),((145.012159 -37.763932,145.012159 -37.763832,145.012259 -37.763832,145.012259 -37.763932,145.012159 -37.763932)),((144.984234 -37.755196,144.984234 -37.755096,144.984334 -37.755096,144.984334 -37.755196,144.984234 -37.755196)),((145.002363 -37.746494999999996,145.002363 -37.746395,145.002463 -37.746395,145.002463 -37.746494999999996,145.002363 -37.746494999999996)),((144.992878 -37.741318,144.992878 -37.741217999999996,144.992978 -37.741217999999996,144.992978 -37.741318,144.992878 -37.741318)),((145.000202 -37.738092,145.000202 -37.737992,145.000302 -37.737992,145.000302 -37.738092,145.000202 -37.738092)),((144.993283 -37.710684,144.993283 -37.710584,144.993383 -37.710584,144.993383 -37.710684,144.993283 -37.710684)),((144.984305 -37.701933,144.984305 -37.701833,144.98440499999998 -37.701833,144.98440499999998 -37.701933,144.984305 -37.701933)),((145.014834 -37.748261,145.014834 -37.748160999999996,145.01493399999998 -37.748160999999996,145.01493399999998 -37.748261,145.014834 -37.748261)),((145.023517 -37.727354,145.023517 -37.727253999999995,145.023617 -37.727253999999995,145.023617 -37.727354,145.023517 -37.727354)),((145.017328 -37.725967,145.017328 -37.725867,145.017428 -37.725867,145.017428 -37.725967,145.017328 -37.725967)),((145.019574 -37.720762,145.019574 -37.720662,145.01967399999998 -37.720662,145.01967399999998 -37.720762,145.019574 -37.720762)),((145.027852 -37.71421,145.027852 -37.71411,145.027952 -37.71411,145.027952 -37.71421,145.027852 -37.71421)),((145.056413 -37.713437,145.056413 -37.713336999999996,145.056513 -37.713336999999996,145.056513 -37.713437,145.056413 -37.713437)),((145.021202 -37.700171,145.021202 -37.700071,145.021302 -37.700071,145.021302 -37.700171,145.021202 -37.700171)))', 7844)),
(26, 'lga5c66b4f8531c', 'South Gippsland', 'South Gippsland', 'VIC', ST_GeomFromText('MULTIPOLYGON(((145.788853 -38.679223,145.788953 -38.679223,145.788953 -38.679323,145.788853 -38.679323,145.788853 -38.679223)),((145.936323 -38.472145999999995,145.936323 -38.472246,145.93622299999998 -38.472246,145.93622299999998 -38.472145999999995,145.936323 -38.472145999999995)),((145.83105999999998 -38.440076,145.83105999999998 -38.440176,145.83096 -38.440176,145.83096 -38.440076,145.83105999999998 -38.440076)))', 7844)),
(27, 'lga5c6d68bc8aa6', 'Indigo', 'Indigo', 'VIC', ST_GeomFromText('MULTIPOLYGON(((147.11763399999998 -36.365702,147.11763399999998 -36.365601999999996,147.11773399999998 -36.365601999999996,147.11773399999998 -36.365702,147.11763399999998 -36.365702)))', 7844)),
(28, 'lga5e8f0b6a35b1', 'Latrobe', 'Latrobe', 'VIC', ST_GeomFromText('MULTIPOLYGON(((146.347334 -38.304535,146.347234 -38.304535,146.347234 -38.304435,146.347334 -38.304435,146.347334 -38.304535)),((146.44359 -38.239522,146.44349 -38.239522,146.44349 -38.239422,146.44359 -38.239422,146.44359 -38.239522)),((146.42883999999998 -38.219916999999995,146.42874 -38.219916999999995,146.42874 -38.219817,146.42883999999998 -38.219817,146.42883999999998 -38.219916999999995)),((146.522344 -38.209053,146.522244 -38.209053,146.522244 -38.208953,146.522344 -38.208953,146.522344 -38.209053)),((146.565372 -38.199503,146.565272 -38.199503,146.565272 -38.199403,146.565372 -38.199403,146.565372 -38.199503)),((146.506722 -38.199435,146.506622 -38.199435,146.506622 -38.199335,146.506722 -38.199335,146.506722 -38.199435)),((146.56656999999998 -38.191488,146.56646999999998 -38.191488,146.56646999999998 -38.191387999999996,146.56656999999998 -38.191387999999996,146.56656999999998 -38.191488)),((146.54478699999999 -38.181854,146.54468699999998 -38.181854,146.54468699999998 -38.181754,146.54478699999999 -38.181754,146.54478699999999 -38.181854)))', 7844)),
(29, 'lga638d2708b9ab', 'Moonee Valley', 'Moonee Valley', 'VIC', ST_GeomFromText('MULTIPOLYGON(((144.93714699999998 -37.786853,144.93724699999999 -37.786853,144.93724699999999 -37.786953,144.93714699999998 -37.786953,144.93714699999998 -37.786853)),((144.910155 -37.778565,144.910155 -37.778665,144.910055 -37.778665,144.910055 -37.778565,144.910155 -37.778565)),((144.928533 -37.758776,144.928533 -37.758876,144.92843299999998 -37.758876,144.92843299999998 -37.758776,144.928533 -37.758776)))', 7844)),
(30, 'lga691f580f3258', 'Kingston', 'Kingston', 'VIC', ST_GeomFromText('MULTIPOLYGON(((145.066147 -37.986866,145.066047 -37.986866,145.066047 -37.986765999999996,145.066147 -37.986765999999996,145.066147 -37.986866)),((145.06538899999998 -37.981078,145.06538899999998 -37.980978,145.06548899999999 -37.980978,145.06548899999999 -37.981078,145.06538899999998 -37.981078)),((145.067376 -37.967059,145.067376 -37.966958999999996,145.067476 -37.966958999999996,145.067476 -37.967059,145.067376 -37.967059)),((145.055169 -37.956557,145.055169 -37.956457,145.05526899999998 -37.956457,145.05526899999998 -37.956557,145.055169 -37.956557)),((145.066611 -37.953727,145.066611 -37.953627,145.066711 -37.953627,145.066711 -37.953727,145.066611 -37.953727)),((145.08089999999999 -37.953528999999996,145.08089999999999 -37.953429,145.081 -37.953429,145.081 -37.953528999999996,145.08089999999999 -37.953528999999996)),((145.038193 -37.935234,145.038193 -37.935134,145.03829299999998 -37.935134,145.03829299999998 -37.935234,145.038193 -37.935234)),((145.126182 -38.056221,145.126082 -38.056221,145.126082 -38.056121,145.126182 -38.056121,145.126182 -38.056221)),((145.125538 -38.04208,145.125538 -38.041979999999995,145.12563799999998 -38.041979999999995,145.12563799999998 -38.04208,145.125538 -38.04208)),((145.134662 -38.031247,145.134662 -38.031147,145.134762 -38.031147,145.134762 -38.031247,145.134662 -38.031247)),((145.13422699999998 -38.029725,145.13422699999998 -38.029624999999996,145.13432699999998 -38.029624999999996,145.13432699999998 -38.029725,145.13422699999998 -38.029725)),((145.082957 -38.001252,145.082957 -38.001152,145.083057 -38.001152,145.083057 -38.001252,145.082957 -38.001252)),((145.090441 -37.98627,145.090441 -37.98617,145.090541 -37.98617,145.090541 -37.98627,145.090441 -37.98627)),((145.099976 -37.930976,145.099976 -37.930876,145.100076 -37.930876,145.100076 -37.930976,145.099976 -37.930976)))', 7844)),
(31, 'lga69684c885dd2', 'Mornington Peninsula', 'Mornington Peninsula', 'VIC', ST_GeomFromText('MULTIPOLYGON(((144.912514 -38.379478,144.91241399999998 -38.379478,144.91241399999998 -38.379377999999996,144.912514 -38.379377999999996,144.912514 -38.379478)),((144.772955 -38.372155,144.772955 -38.372054999999996,144.773055 -38.372054999999996,144.773055 -38.372155,144.772955 -38.372155)),((144.880565 -38.370246,144.880565 -38.370146,144.880665 -38.370146,144.880665 -38.370246,144.880565 -38.370246)),((144.76048799999998 -38.365029,144.76048799999998 -38.364929,144.76058799999998 -38.364929,144.76058799999998 -38.365029,144.76048799999998 -38.365029)),((144.736074 -38.344151,144.736074 -38.344051,144.736174 -38.344051,144.736174 -38.344151,144.736074 -38.344151)),((144.73369599999998 -38.337824999999995,144.73369599999998 -38.337725,144.73379599999998 -38.337725,144.73379599999998 -38.337824999999995,144.73369599999998 -38.337824999999995)),((144.709056 -38.330867,144.709056 -38.330767,144.709156 -38.330767,144.709156 -38.330867,144.709056 -38.330867)),((144.97908999999999 -38.469651,144.97898999999998 -38.469651,144.97898999999998 -38.469550999999996,144.97908999999999 -38.469550999999996,144.97908999999999 -38.469651)),((144.922199 -38.37565,144.922199 -38.37555,144.92229899999998 -38.37555,144.92229899999998 -38.37565,144.922199 -38.37565)),((144.924351 -38.373246,144.924351 -38.373146,144.924451 -38.373146,144.924451 -38.373246,144.924351 -38.373246)),((145.018432 -38.369146,145.018432 -38.369046,145.018532 -38.369046,145.018532 -38.369146,145.018432 -38.369146)),((144.96905999999998 -38.336318999999996,144.96905999999998 -38.336219,144.96916 -38.336219,144.96916 -38.336318999999996,144.96905999999998 -38.336318999999996)),((145.18948699999999 -38.315472,145.18948699999999 -38.315371999999996,145.189587 -38.315371999999996,145.189587 -38.315472,145.18948699999999 -38.315472)),((145.043199 -38.248169,145.043199 -38.248069,145.043299 -38.248069,145.043299 -38.248169,145.043199 -38.248169)))', 7844)),
(32, 'lga69dad94a9718', 'Mount Buller Alpine Resort (Uninc)', 'Mount Buller Alpine Resort (Uninc)', 'VIC', ST_GeomFromText('MULTIPOLYGON(((146.444414 -37.145213999999996,146.444414 -37.145114,146.444514 -37.145114,146.444514 -37.145213999999996,146.444414 -37.145213999999996)))', 7844)),
(33, 'lga6ede3850c9ef', 'Towong', 'Towong', 'VIC', ST_GeomFromText('MULTIPOLYGON(((147.989151 -36.126503,147.989151 -36.126402999999996,147.989251 -36.126402999999996,147.989251 -36.126503,147.989151 -36.126503)))', 7844)),
(34, 'lga6f3147bcaaee', 'Benalla', 'Benalla', 'VIC', ST_GeomFromText('MULTIPOLYGON(((145.99075299999998 -36.556982,145.990853 -36.556982,145.990853 -36.557082,145.99075299999998 -36.557082,145.99075299999998 -36.556982)),((145.975078 -36.555654,145.975178 -36.555654,145.975178 -36.555754,145.975078 -36.555754,145.975078 -36.555654)))', 7844)),
(35, 'lga72904b64c519', 'East Gippsland', 'East Gippsland', 'VIC', ST_GeomFromText('MULTIPOLYGON(((147.637788 -37.825305,147.637888 -37.825305,147.637888 -37.825404999999996,147.637788 -37.825404999999996,147.637788 -37.825305)),((147.59743799999998 -37.823541999999996,147.597538 -37.823541999999996,147.597538 -37.823642,147.59743799999998 -37.823642,147.59743799999998 -37.823541999999996)))', 7844)),
(36, 'lga744d9df35829', 'Mansfield', 'Mansfield', 'VIC', ST_GeomFromText('MULTIPOLYGON(((146.012552 -37.069075,146.012552 -37.068975,146.012652 -37.068975,146.012652 -37.069075,146.012552 -37.069075)))', 7844)),
(37, 'lga77d96c3addfd', 'Baw Baw', 'Baw Baw', 'VIC', ST_GeomFromText('MULTIPOLYGON(((146.157997 -38.219342,146.158097 -38.219342,146.158097 -38.219442,146.157997 -38.219442,146.157997 -38.219342)),((145.933085 -38.158868,145.933085 -38.158968,145.932985 -38.158968,145.932985 -38.158868,145.933085 -38.158868)),((145.766019 -38.109981,145.766019 -38.110081,145.765919 -38.110081,145.765919 -38.109981,145.766019 -38.109981)))', 7844)),
(38, 'lga7831afcaf1e2', 'Strathbogie', 'Strathbogie', 'VIC', ST_GeomFromText('MULTIPOLYGON(((145.15535599999998 -36.781358,145.155456 -36.781358,145.155456 -36.781458,145.15535599999998 -36.781458,145.15535599999998 -36.781358)),((145.577043 -36.755252999999996,145.577043 -36.755353,145.576943 -36.755353,145.576943 -36.755252999999996,145.577043 -36.755252999999996)),((145.16893299999998 -36.751813,145.16893299999998 -36.751913,145.168833 -36.751913,145.168833 -36.751813,145.16893299999998 -36.751813)))', 7844)),
(39, 'lga79b8fe15ee4f', 'Wodonga', 'Wodonga', 'VIC', ST_GeomFromText('MULTIPOLYGON(((146.946947 -36.185390999999996,146.946947 -36.185491,146.946847 -36.185491,146.946847 -36.185390999999996,146.946947 -36.185390999999996)),((146.86129499999998 -36.136454,146.86119499999998 -36.136454,146.86119499999998 -36.136354,146.86129499999998 -36.136354,146.86129499999998 -36.136454)),((146.90518799999998 -36.131795,146.905088 -36.131795,146.905088 -36.131695,146.90518799999998 -36.131695,146.90518799999998 -36.131795)),((146.84240499999999 -36.126722,146.84240499999999 -36.126823,146.84230499999998 -36.126823,146.84230499999998 -36.126722,146.84240499999999 -36.126722)),((146.89494299999998 -36.126225999999996,146.89484299999998 -36.126225999999996,146.89484299999998 -36.126126,146.89494299999998 -36.126126,146.89494299999998 -36.126225999999996)),((146.859352 -36.116755,146.859252 -36.116755,146.859252 -36.116655,146.859352 -36.116655,146.859352 -36.116755)))', 7844)),
(40, 'lga82035025d67f', 'West Wimmera', 'West Wimmera', 'VIC', ST_GeomFromText('MULTIPOLYGON(((141.407828 -37.320685,141.407828 -37.320585,141.407928 -37.320585,141.407928 -37.320685,141.407828 -37.320685)))', 7844)),
(41, 'lga8751f70e5df3', 'Northern Grampians', 'Northern Grampians', 'VIC', ST_GeomFromText('MULTIPOLYGON(((142.85434 -37.150386,142.85434 -37.150286,142.85443999999998 -37.150286,142.85443999999998 -37.150386,142.85434 -37.150386)))', 7844)),
(42, 'lga891e1f62b45e', 'Casey', 'Casey', 'VIC', ST_GeomFromText('MULTIPOLYGON(((145.236313 -38.196076,145.236213 -38.196076,145.236213 -38.195976,145.236313 -38.195976,145.236313 -38.196076)),((145.249454 -38.113051999999996,145.24935399999998 -38.113051999999996,145.24935399999998 -38.112952,145.249454 -38.112952,145.249454 -38.113051999999996)),((145.27255399999999 -38.07507,145.27245399999998 -38.07507,145.27245399999998 -38.07497,145.27255399999999 -38.07497,145.27255399999999 -38.07507)),((145.276354 -38.069545999999995,145.276354 -38.069446,145.276454 -38.069446,145.276454 -38.069545999999995,145.276354 -38.069545999999995)),((145.273548 -38.019396,145.273548 -38.019296,145.27364799999998 -38.019296,145.27364799999998 -38.019396,145.273548 -38.019396)),((145.26118499999998 -37.997523,145.26108499999998 -37.997523,145.26108499999998 -37.997423,145.26118499999998 -37.997423,145.26118499999998 -37.997523)),((145.293267 -38.138497,145.293267 -38.138397,145.293367 -38.138397,145.293367 -38.138497,145.293267 -38.138497)),((145.300656 -38.119327,145.300656 -38.119226999999995,145.300756 -38.119226999999995,145.300756 -38.119327,145.300656 -38.119327)),((145.28732399999998 -38.101526,145.28722399999998 -38.101526,145.28722399999998 -38.101426,145.28732399999998 -38.101426,145.28732399999998 -38.101526)),((145.276501 -38.079768,145.276501 -38.079668,145.276601 -38.079668,145.276601 -38.079768,145.276501 -38.079768)),((145.289938 -38.039733,145.289938 -38.039632999999995,145.29003799999998 -38.039632999999995,145.29003799999998 -38.039733,145.289938 -38.039733)))', 7844)),
(43, 'lga90413c6e7ea0', 'Hepburn', 'Hepburn', 'VIC', ST_GeomFromText('MULTIPOLYGON(((144.123597 -37.312197999999995,144.123697 -37.312197999999995,144.123697 -37.312298,144.123597 -37.312298,144.123597 -37.312197999999995)),((144.186203 -37.169118999999995,144.18630299999998 -37.169118999999995,144.18630299999998 -37.169219,144.186203 -37.169219,144.186203 -37.169118999999995)))', 7844)),
(44, 'lga977c9605ab7d', 'Nillumbik', 'Nillumbik', 'VIC', ST_GeomFromText('MULTIPOLYGON(((145.148258 -37.719007,145.148358 -37.719007,145.148358 -37.719107,145.148258 -37.719107,145.148258 -37.719007)),((145.160363 -37.716024,145.160463 -37.716024,145.160463 -37.716124,145.160363 -37.716124,145.160363 -37.716024)))', 7844)),
(45, 'lga9bd137c30d17', 'Glen Eira', 'Glen Eira', 'VIC', ST_GeomFromText('MULTIPOLYGON(((145.050401 -37.925664999999995,145.050401 -37.925765,145.050301 -37.925765,145.050301 -37.925664999999995,145.050401 -37.925664999999995)),((145.050269 -37.909199,145.05016899999998 -37.909199,145.05016899999998 -37.909099,145.050269 -37.909099,145.050269 -37.909199)),((145.06374399999999 -37.897177,145.06364399999998 -37.897177,145.06364399999998 -37.897076999999996,145.06374399999999 -37.897076999999996,145.06374399999999 -37.897177)),((145.009334 -37.896851999999996,145.009334 -37.896952,145.009234 -37.896952,145.009234 -37.896851999999996,145.009334 -37.896851999999996)),((145.015157 -37.891859,145.01505699999998 -37.891859,145.01505699999998 -37.891759,145.015157 -37.891759,145.015157 -37.891859)),((144.998333 -37.884687,144.998233 -37.884687,144.998233 -37.884586999999996,144.998333 -37.884586999999996,144.998333 -37.884687)))', 7844)),
(46, 'lgaa0f71a56be3f', 'Whittlesea', 'Whittlesea', 'VIC', ST_GeomFromText('MULTIPOLYGON(((145.03286699999998 -37.682646,145.03286699999998 -37.682746,145.032767 -37.682746,145.032767 -37.682646,145.03286699999998 -37.682646)),((145.085838 -37.647915,145.085738 -37.647915,145.085738 -37.647815,145.085838 -37.647815,145.085838 -37.647915)),((145.052742 -37.640809,145.052642 -37.640809,145.052642 -37.640709,145.052742 -37.640709,145.052742 -37.640809)),((145.064269 -37.637029,145.064269 -37.637129,145.064169 -37.637129,145.064169 -37.637029,145.064269 -37.637029)),((145.004886 -37.636886,145.004786 -37.636886,145.004786 -37.636786,145.004886 -37.636786,145.004886 -37.636886)),((144.998122 -37.613898999999996,144.998022 -37.613898999999996,144.998022 -37.613799,144.998122 -37.613799,144.998122 -37.613898999999996)))', 7844)),
(47, 'lgaa40be6b352b7', 'Colac Otway', 'Colac Otway', 'VIC', ST_GeomFromText('MULTIPOLYGON(((143.557848 -38.632583,143.557848 -38.632483,143.55794799999998 -38.632483,143.55794799999998 -38.632583,143.557848 -38.632583)))', 7844)),
(48, 'lgaa61a81fb4118', 'Macedon Ranges', 'Macedon Ranges', 'VIC', ST_GeomFromText('MULTIPOLYGON(((144.63761599999998 -37.547955,144.63761599999998 -37.548055,144.637516 -37.548055,144.637516 -37.547955,144.63761599999998 -37.547955)),((144.584395 -37.490117,144.584395 -37.490217,144.584295 -37.490217,144.584295 -37.490117,144.584395 -37.490117)),((144.695133 -37.466662,144.695133 -37.466761999999996,144.695033 -37.466761999999996,144.695033 -37.466662,144.695133 -37.466662)),((144.73288599999998 -37.360631,144.732786 -37.360631,144.732786 -37.360531,144.73288599999998 -37.360531,144.73288599999998 -37.360631)),((144.414404 -37.322002999999995,144.414304 -37.322002999999995,144.414304 -37.321903,144.414404 -37.321903,144.414404 -37.322002999999995)))', 7844)),
(49, 'lgaac2e88625ea2', 'Bass Coast', 'Bass Coast', 'VIC', ST_GeomFromText('MULTIPOLYGON(((145.59822 -38.593405,145.59832 -38.593405,145.59832 -38.593505,145.59822 -38.593505,145.59822 -38.593405)),((145.277263 -38.506754,145.27736299999998 -38.506754,145.27736299999998 -38.506854,145.277263 -38.506854,145.277263 -38.506754)))', 7844)),
(50, 'lgaacfaedf6a58f', 'Knox', 'Knox', 'VIC', ST_GeomFromText('MULTIPOLYGON(((145.24133999999998 -37.937819,145.24124 -37.937819,145.24124 -37.937719,145.24133999999998 -37.937719,145.24133999999998 -37.937819)),((145.231484 -37.919412,145.231484 -37.919312,145.231584 -37.919312,145.231584 -37.919412,145.231484 -37.919412)),((145.221621 -37.919258,145.221621 -37.919157999999996,145.221721 -37.919157999999996,145.221721 -37.919258,145.221621 -37.919258)),((145.242767 -37.892603,145.24266699999998 -37.892603,145.24266699999998 -37.892503,145.242767 -37.892503,145.242767 -37.892603)),((145.216908 -37.870036999999996,145.216908 -37.869937,145.217008 -37.869937,145.217008 -37.870036999999996,145.216908 -37.870036999999996)),((145.229663 -37.854509,145.229663 -37.854409,145.229763 -37.854409,145.229763 -37.854509,145.229663 -37.854509)),((145.227271 -37.853671,145.227171 -37.853671,145.227171 -37.853570999999995,145.227271 -37.853570999999995,145.227271 -37.853671)),((145.247341 -37.905915,145.247341 -37.905815,145.24744099999998 -37.905815,145.24744099999998 -37.905915,145.247341 -37.905915)),((145.256227 -37.899654,145.256227 -37.899553999999995,145.256327 -37.899553999999995,145.256327 -37.899654,145.256227 -37.899654)),((145.27709099999998 -37.883387,145.27709099999998 -37.883286999999996,145.277191 -37.883286999999996,145.277191 -37.883387,145.27709099999998 -37.883387)),((145.275174 -37.865066,145.275174 -37.864965999999995,145.275274 -37.864965999999995,145.275274 -37.865066,145.275174 -37.865066)),((145.270016 -37.845984,145.270016 -37.845884,145.270116 -37.845884,145.270116 -37.845984,145.270016 -37.845984)),((145.264375 -37.843381,145.264375 -37.843281,145.264475 -37.843281,145.264475 -37.843381,145.264375 -37.843381)))', 7844)),
(51, 'lgaae260494d80c', 'Mitchell', 'Mitchell', 'VIC', ST_GeomFromText('MULTIPOLYGON(((144.953451 -37.480778,144.953451 -37.480878,144.953351 -37.480878,144.953351 -37.480778,144.953451 -37.480778)),((145.079062 -37.432747,145.079062 -37.432846999999995,145.078962 -37.432846999999995,145.078962 -37.432747,145.079062 -37.432747)),((144.97384 -37.417932,144.97384 -37.418032,144.97374 -37.418032,144.97374 -37.417932,144.97384 -37.417932)),((144.932822 -37.293226,144.932822 -37.293326,144.93272199999998 -37.293326,144.93272199999998 -37.293226,144.932822 -37.293226)))', 7844)),
(52, 'lgab3be0b9eb31a', 'Manningham', 'Manningham', 'VIC', ST_GeomFromText('MULTIPOLYGON(((145.147632 -37.786136,145.147632 -37.786235999999995,145.14753199999998 -37.786235999999995,145.14753199999998 -37.786136,145.147632 -37.786136)),((145.13169399999998 -37.775296999999995,145.13169399999998 -37.775397,145.131594 -37.775397,145.131594 -37.775296999999995,145.13169399999998 -37.775296999999995)),((145.14962699999998 -37.773191,145.14962699999998 -37.773291,145.149527 -37.773291,145.149527 -37.773191,145.14962699999998 -37.773191)),((145.095584 -37.768741999999996,145.095484 -37.768741999999996,145.095484 -37.768642,145.095584 -37.768642,145.095584 -37.768741999999996)),((145.158286 -37.753644,145.158186 -37.753644,145.158186 -37.753544,145.158286 -37.753544,145.158286 -37.753644)))', 7844)),
(53, 'lgab65bc8ec7820', 'Greater Dandenong', 'Greater Dandenong', 'VIC', ST_GeomFromText('MULTIPOLYGON(((145.159112 -38.027532,145.159112 -38.027632,145.159012 -38.027632,145.159012 -38.027532,145.159112 -38.027532)),((145.167511 -37.973805,145.167511 -37.973904999999995,145.167411 -37.973904999999995,145.167411 -37.973805,145.167511 -37.973805)),((145.14908 -37.970453,145.14908 -37.970552999999995,145.14898 -37.970552999999995,145.14898 -37.970453,145.14908 -37.970453)),((145.213934 -37.963795999999995,145.213834 -37.963795999999995,145.213834 -37.963696,145.213934 -37.963696,145.213934 -37.963795999999995)),((145.181468 -37.958835,145.181368 -37.958835,145.181368 -37.958735,145.181468 -37.958735,145.181468 -37.958835)))', 7844)),
(54, 'lgab70a9914e5bc', 'Ballarat', 'Ballarat', 'VIC', ST_GeomFromText('MULTIPOLYGON(((143.885017 -37.69867,143.885017 -37.698769999999996,143.884917 -37.698769999999996,143.884917 -37.69867,143.885017 -37.69867)),((143.837459 -37.58339,143.837359 -37.58339,143.837359 -37.58329,143.837459 -37.58329,143.837459 -37.58339)),((143.80038 -37.580354,143.80028 -37.580354,143.80028 -37.580254,143.80038 -37.580254,143.80038 -37.580354)),((143.79020599999998 -37.57342,143.79020599999998 -37.573519999999995,143.79010599999998 -37.573519999999995,143.79010599999998 -37.57342,143.79020599999998 -37.57342)),((143.857136 -37.556112999999996,143.857036 -37.556112999999996,143.857036 -37.556013,143.857136 -37.556013,143.857136 -37.556112999999996)),((143.78374 -37.549726,143.78364 -37.549726,143.78364 -37.549625999999996,143.78374 -37.549625999999996,143.78374 -37.549726)))', 7844)),
(55, 'lgabff52ad8fdf9', 'Wangaratta', 'Wangaratta', 'VIC', ST_GeomFromText('MULTIPOLYGON(((146.388287 -36.439478,146.388287 -36.439578,146.388187 -36.439578,146.388187 -36.439478,146.388287 -36.439478)),((146.578938 -36.420637,146.578938 -36.420736999999995,146.578838 -36.420736999999995,146.578838 -36.420637,146.578938 -36.420637)),((146.288185 -36.339601,146.288185 -36.339701,146.288085 -36.339701,146.288085 -36.339601,146.288185 -36.339601)),((146.26171399999998 -36.289874,146.26171399999998 -36.289974,146.26161399999998 -36.289974,146.26161399999998 -36.289874,146.26171399999998 -36.289874)))', 7844)),
(56, 'lgac69cfd288672', 'Cardinia', 'Cardinia', 'VIC', ST_GeomFromText('MULTIPOLYGON(((145.568869 -38.08407,145.568869 -38.08417,145.568769 -38.08417,145.568769 -38.08407,145.568869 -38.08407)),((145.478115 -38.079422,145.478015 -38.079422,145.478015 -38.079322,145.478115 -38.079322,145.478115 -38.079422)),((145.420658 -38.076392999999996,145.420558 -38.076392999999996,145.420558 -38.076293,145.420658 -38.076293,145.420658 -38.076392999999996)),((145.487531 -38.072773,145.487531 -38.072873,145.487431 -38.072873,145.487431 -38.072773,145.487531 -38.072773)),((145.427211 -38.062981,145.427111 -38.062981,145.427111 -38.062881,145.427211 -38.062881,145.427211 -38.062981)),((145.49601099999998 -38.055734,145.495911 -38.055734,145.495911 -38.055634,145.49601099999998 -38.055634,145.49601099999998 -38.055734)))', 7844)),
(57, 'lgaca1dd9cec0f0', 'Golden Plains', 'Golden Plains', 'VIC', ST_GeomFromText('MULTIPOLYGON(((143.792524 -37.839256,143.792524 -37.839155999999996,143.792624 -37.839155999999996,143.792624 -37.839256,143.792524 -37.839256)))', 7844)),
(58, 'lgad235bc15860c', 'Falls Creek Alpine Resort (Uninc)', 'Falls Creek Alpine Resort (Uninc)', 'VIC', ST_GeomFromText('MULTIPOLYGON(((147.27779099999998 -36.865171,147.27779099999998 -36.865071,147.27789099999998 -36.865071,147.27789099999998 -36.865171,147.27779099999998 -36.865171)))', 7844)),
(59, 'lgad68479123642', 'Port Phillip', 'Port Phillip', 'VIC', ST_GeomFromText('MULTIPOLYGON(((144.975631 -37.842587,144.975631 -37.842487,144.975731 -37.842487,144.975731 -37.842587,144.975631 -37.842587)),((144.939482 -37.841234,144.939582 -37.841234,144.939582 -37.841333999999996,144.939482 -37.841333999999996,144.939482 -37.841234)),((144.974258 -37.838726,144.974358 -37.838726,144.974358 -37.838826,144.974258 -37.838826,144.974258 -37.838726)),((144.967207 -37.83649,144.967307 -37.83649,144.967307 -37.83659,144.967207 -37.83659,144.967207 -37.83649)),((144.96716999999998 -37.836174,144.96726999999998 -37.836174,144.96726999999998 -37.836273999999996,144.96716999999998 -37.836273999999996,144.96716999999998 -37.836174)),((144.973651 -37.835743,144.973751 -37.835743,144.973751 -37.835843,144.973651 -37.835843,144.973651 -37.835743)),((144.97466599999998 -37.835451,144.974766 -37.835451,144.974766 -37.835550999999995,144.97466599999998 -37.835550999999995,144.97466599999998 -37.835451)),((144.951436 -37.832840999999995,144.951436 -37.832741,144.951536 -37.832741,144.951536 -37.832840999999995,144.951436 -37.832840999999995)),((144.952234 -37.832217,144.952334 -37.832217,144.952334 -37.832316999999996,144.952234 -37.832316999999996,144.952234 -37.832217)),((144.97107 -37.831752,144.97117 -37.831752,144.97117 -37.831852,144.97107 -37.831852,144.97107 -37.831752)),((144.970902 -37.831016999999996,144.971002 -37.831016999999996,144.971002 -37.831117,144.970902 -37.831117,144.970902 -37.831016999999996)),((144.944268 -37.829623999999995,144.944368 -37.829623999999995,144.944368 -37.829724,144.944268 -37.829724,144.944268 -37.829623999999995)),((145.004991 -37.866645,145.004991 -37.866544999999995,145.005091 -37.866544999999995,145.005091 -37.866645,145.004991 -37.866645)),((144.979704 -37.862376999999995,144.979804 -37.862376999999995,144.979804 -37.862477,144.979704 -37.862477,144.979704 -37.862376999999995)),((144.97896799999998 -37.859046,144.97906799999998 -37.859046,144.97906799999998 -37.859145999999996,144.97896799999998 -37.859145999999996,144.97896799999998 -37.859046)),((144.981101 -37.852776999999996,144.981201 -37.852776999999996,144.981201 -37.852877,144.981101 -37.852877,144.981101 -37.852776999999996)),((144.97917999999999 -37.852236,144.97928 -37.852236,144.97928 -37.852336,144.97917999999999 -37.852336,144.97917999999999 -37.852236)),((144.979776 -37.849146,144.979876 -37.849146,144.979876 -37.849246,144.979776 -37.849246,144.979776 -37.849146)),((144.97897899999998 -37.846961,144.97907899999998 -37.846961,144.97907899999998 -37.847061,144.97897899999998 -37.847061,144.97897899999998 -37.846961)),((144.978901 -37.846847,144.978901 -37.846747,144.97900099999998 -37.846747,144.97900099999998 -37.846847,144.978901 -37.846847)),((144.976156 -37.843992,144.976256 -37.843992,144.976256 -37.844091999999996,144.976156 -37.844091999999996,144.976156 -37.843992)),((144.97582 -37.843016,144.97592 -37.843016,144.97592 -37.843115999999995,144.97582 -37.843115999999995,144.97582 -37.843016)),((144.976882 -37.841209,144.976982 -37.841209,144.976982 -37.841308999999995,144.976882 -37.841308999999995,144.976882 -37.841209)),((144.975943 -37.838626,144.976043 -37.838626,144.976043 -37.838726,144.975943 -37.838726,144.975943 -37.838626)))', 7844)),
(60, 'lgada11866a4071', 'Warrnambool', 'Warrnambool', 'VIC', ST_GeomFromText('MULTIPOLYGON(((142.517934 -38.376366,142.517934 -38.376266,142.518034 -38.376266,142.518034 -38.376366,142.517934 -38.376366)))', 7844)),
(61, 'lgadbd419ff24e3', 'Yarra Ranges', 'Yarra Ranges', 'VIC', ST_GeomFromText('MULTIPOLYGON(((145.356142 -37.970825999999995,145.356142 -37.970926,145.356042 -37.970926,145.356042 -37.970825999999995,145.356142 -37.970825999999995)),((145.35687199999998 -37.931096,145.356772 -37.931096,145.356772 -37.930996,145.35687199999998 -37.930996,145.35687199999998 -37.931096)),((145.464741 -37.814211,145.464641 -37.814211,145.464641 -37.814111,145.464741 -37.814111,145.464741 -37.814211)),((145.309799 -37.807094,145.309699 -37.807094,145.309699 -37.806993999999996,145.309799 -37.806993999999996,145.309799 -37.807094)),((145.3755 -37.800948999999996,145.37539999999998 -37.800948999999996,145.37539999999998 -37.800849,145.3755 -37.800849,145.3755 -37.800948999999996)),((145.536381 -37.649367,145.536281 -37.649367,145.536281 -37.649267,145.536381 -37.649267,145.536381 -37.649367)),((145.37842899999998 -37.635543999999996,145.37832899999998 -37.635543999999996,145.37832899999998 -37.635444,145.37842899999998 -37.635444,145.37842899999998 -37.635543999999996)))', 7844)),
(62, 'lgadd6ba71d5cd0', 'Melbourne', 'Melbourne', 'VIC', ST_GeomFromText('MULTIPOLYGON(((144.952573 -37.82263,144.952573 -37.82273,144.952473 -37.82273,144.952473 -37.82263,144.952573 -37.82263)),((144.95449399999998 -37.821492,144.95449399999998 -37.821591999999995,144.95439399999998 -37.821591999999995,144.95439399999998 -37.821492,144.95449399999998 -37.821492)),((144.953567 -37.821221,144.953567 -37.821321,144.953467 -37.821321,144.953467 -37.821221,144.953567 -37.821221)),((144.947022 -37.818242,144.947022 -37.818342,144.946922 -37.818342,144.946922 -37.818242,144.947022 -37.818242)),((144.95313 -37.815521,144.95313 -37.815621,144.95302999999998 -37.815621,144.95302999999998 -37.815521,144.95313 -37.815521)),((144.954137 -37.815388999999996,144.954137 -37.815489,144.954037 -37.815489,144.954037 -37.815388999999996,144.954137 -37.815388999999996)),((144.938064 -37.815270999999996,144.938064 -37.815371,144.937964 -37.815371,144.937964 -37.815270999999996,144.938064 -37.815270999999996)),((144.953471 -37.814431,144.953471 -37.814530999999995,144.953371 -37.814530999999995,144.953371 -37.814431,144.953471 -37.814431)),((144.952533 -37.814167,144.952533 -37.814267,144.95243299999998 -37.814267,144.95243299999998 -37.814167,144.952533 -37.814167)),((144.953328 -37.813986,144.953328 -37.814085999999996,144.953228 -37.814085999999996,144.953228 -37.813986,144.953328 -37.813986)),((144.95406 -37.81319,144.95406 -37.813289999999995,144.95396 -37.813289999999995,144.95396 -37.81319,144.95406 -37.81319)),((144.946194 -37.813142,144.946194 -37.813241999999995,144.946094 -37.813241999999995,144.946094 -37.813142,144.946194 -37.813142)),((144.95156599999999 -37.810899,144.95156599999999 -37.810998999999995,144.95146599999998 -37.810998999999995,144.95146599999998 -37.810899,144.95156599999999 -37.810899)),((144.944629 -37.805318,144.944629 -37.805417999999996,144.944529 -37.805417999999996,144.944529 -37.805318,144.944629 -37.805318)),((144.953297 -37.798646,144.953297 -37.798746,144.953197 -37.798746,144.953197 -37.798646,144.953297 -37.798646)),((144.943708 -37.798415999999996,144.943708 -37.798516,144.94360799999998 -37.798516,144.94360799999998 -37.798415999999996,144.943708 -37.798415999999996)),((144.94612 -37.798024,144.94612 -37.798124,144.94602 -37.798124,144.94602 -37.798024,144.94612 -37.798024)),((144.946349 -37.796769999999995,144.946349 -37.79687,144.946249 -37.79687,144.946249 -37.796769999999995,144.946349 -37.796769999999995)),((144.91619699999998 -37.782319,144.91619699999998 -37.782419,144.91609699999998 -37.782419,144.91609699999998 -37.782319,144.91619699999998 -37.782319)),((144.939434 -37.77964,144.939434 -37.77974,144.939334 -37.77974,144.939334 -37.77964,144.939434 -37.77964)),((144.95675 -37.827616,144.95675 -37.827715999999995,144.95665 -37.827715999999995,144.95665 -37.827616,144.95675 -37.827616)),((144.958211 -37.82709,144.958211 -37.82719,144.958111 -37.82719,144.958111 -37.82709,144.958211 -37.82709)),((144.95713 -37.826817999999996,144.95713 -37.826918,144.95703 -37.826918,144.95703 -37.826817999999996,144.95713 -37.826817999999996)),((144.959968 -37.826346,144.959968 -37.826446,144.959868 -37.826446,144.959868 -37.826346,144.959968 -37.826346)),((144.959513 -37.826101,144.959513 -37.826201,144.95941299999998 -37.826201,144.95941299999998 -37.826101,144.959513 -37.826101)),((144.96214 -37.825623,144.96214 -37.825722999999996,144.96204 -37.825722999999996,144.96204 -37.825623,144.96214 -37.825623)),((144.955511 -37.820699,144.955511 -37.820799,144.955411 -37.820799,144.955411 -37.820699,144.955511 -37.820699)),((144.958031 -37.817690999999996,144.958031 -37.817791,144.957931 -37.817791,144.957931 -37.817690999999996,144.958031 -37.817690999999996)),((144.961647 -37.817479,144.961647 -37.817578999999995,144.961547 -37.817578999999995,144.961547 -37.817479,144.961647 -37.817479)),((144.95922299999998 -37.817105,144.95922299999998 -37.817205,144.959123 -37.817205,144.959123 -37.817105,144.95922299999998 -37.817105)),((144.957201 -37.816846,144.957201 -37.816946,144.957101 -37.816946,144.957101 -37.816846,144.957201 -37.816846)),((144.956372 -37.815937999999996,144.956372 -37.816038,144.95627199999998 -37.816038,144.95627199999998 -37.815937999999996,144.956372 -37.815937999999996)),((144.96070699999999 -37.811453,144.96070699999999 -37.811552999999996,144.96060699999998 -37.811552999999996,144.96060699999998 -37.811453,144.96070699999999 -37.811453)),((144.961262 -37.809311,144.961262 -37.809411,144.961162 -37.809411,144.961162 -37.809311,144.961262 -37.809311)),((144.960784 -37.808279999999996,144.960784 -37.80838,144.960684 -37.80838,144.960684 -37.808279999999996,144.960784 -37.808279999999996)),((144.960569 -37.807811,144.960569 -37.807911,144.960469 -37.807911,144.960469 -37.807811,144.960569 -37.807811)),((144.961014 -37.807719,144.961014 -37.807818999999995,144.960914 -37.807818999999995,144.960914 -37.807719,144.961014 -37.807719)),((144.961964 -37.806272,144.961964 -37.806371999999996,144.961864 -37.806371999999996,144.961864 -37.806272,144.961964 -37.806272)),((144.961888 -37.805583999999996,144.961888 -37.805684,144.96178799999998 -37.805684,144.96178799999998 -37.805583999999996,144.961888 -37.805583999999996)),((144.955189 -37.803146999999996,144.955189 -37.803247,144.955089 -37.803247,144.955089 -37.803146999999996,144.955189 -37.803146999999996)),((144.955477 -37.800387,144.955477 -37.800487,144.955377 -37.800487,144.955377 -37.800387,144.955477 -37.800387)),((144.979853 -37.84665,144.979853 -37.84675,144.979753 -37.84675,144.979753 -37.84665,144.979853 -37.84665)),((144.979457 -37.845517,144.979457 -37.845617,144.979357 -37.845617,144.979357 -37.845517,144.979457 -37.845517)),((144.978676 -37.843363,144.978676 -37.843463,144.978576 -37.843463,144.978576 -37.843363,144.978676 -37.843363)),((144.976925 -37.838571,144.976925 -37.838671,144.976825 -37.838671,144.976825 -37.838571,144.976925 -37.838571)),((144.969237 -37.829406,144.969237 -37.829505999999995,144.969137 -37.829505999999995,144.969137 -37.829406,144.969237 -37.829406)),((144.963614 -37.824169,144.963614 -37.824269,144.963514 -37.824269,144.963514 -37.824169,144.963614 -37.824169)),((144.962527 -37.821470999999995,144.962527 -37.821571,144.962427 -37.821571,144.962427 -37.821470999999995,144.962527 -37.821470999999995)),((144.965703 -37.817701,144.965703 -37.817800999999996,144.965603 -37.817800999999996,144.965603 -37.817701,144.965703 -37.817701)),((144.96581899999998 -37.817516,144.96581899999998 -37.817616,144.965719 -37.817616,144.965719 -37.817516,144.96581899999998 -37.817516)),((144.968009 -37.81301,144.968009 -37.81311,144.967909 -37.81311,144.967909 -37.81301,144.968009 -37.81301)),((144.968863 -37.812753,144.968863 -37.812853,144.968763 -37.812853,144.968763 -37.812753,144.968863 -37.812753)),((144.969014 -37.812267999999996,144.969014 -37.812368,144.96891399999998 -37.812368,144.96891399999998 -37.812267999999996,144.969014 -37.812267999999996)),((144.96775 -37.811267,144.96775 -37.811367,144.96765 -37.811367,144.96765 -37.811267,144.96775 -37.811267)),((144.968522 -37.809131,144.968522 -37.809231,144.968422 -37.809231,144.968422 -37.809131,144.968522 -37.809131)),((144.967359 -37.808747,144.967359 -37.808847,144.96725899999998 -37.808847,144.96725899999998 -37.808747,144.967359 -37.808747)),((144.966871 -37.794202999999996,144.966871 -37.794303,144.966771 -37.794303,144.966771 -37.794202999999996,144.966871 -37.794202999999996)),((144.971055 -37.793036,144.971055 -37.793136,144.970955 -37.793136,144.970955 -37.793036,144.971055 -37.793036)))', 7844)),
(63, 'lgadd7fe82edc77', 'Frankston', 'Frankston', 'VIC', ST_GeomFromText('MULTIPOLYGON(((145.17753199999999 -38.154922,145.17753199999999 -38.155021999999995,145.17743199999998 -38.155021999999995,145.17743199999998 -38.154922,145.17753199999999 -38.154922)),((145.132073 -38.131114,145.132073 -38.131214,145.131973 -38.131214,145.131973 -38.131114,145.132073 -38.131114)),((145.147921 -38.122166,145.147921 -38.122265999999996,145.147821 -38.122265999999996,145.147821 -38.122166,145.147921 -38.122166)),((145.18364699999998 -38.088321,145.18364699999998 -38.088421,145.183547 -38.088421,145.183547 -38.088321,145.18364699999998 -38.088321)))', 7844)),
(64, 'lgae1dcbacb8510', 'Stonnington', 'Stonnington', 'VIC', ST_GeomFromText('MULTIPOLYGON(((145.040688 -37.860141999999996,145.04058799999999 -37.860141999999996,145.04058799999999 -37.860042,145.040688 -37.860042,145.040688 -37.860141999999996)),((145.029045 -37.859877,145.029045 -37.859777,145.029145 -37.859777,145.029145 -37.859877,145.029045 -37.859877)),((145.00196599999998 -37.8566,145.00196599999998 -37.8565,145.00206599999999 -37.8565,145.00206599999999 -37.8566,145.00196599999998 -37.8566)),((145.034205 -37.855205999999995,145.03410499999998 -37.855205999999995,145.03410499999998 -37.855106,145.034205 -37.855106,145.034205 -37.855205999999995)),((144.988797 -37.844286,144.988797 -37.844186,144.98889699999998 -37.844186,144.98889699999998 -37.844286,144.988797 -37.844286)),((144.997055 -37.839081,144.997055 -37.838981,144.997155 -37.838981,144.997155 -37.839081,144.997055 -37.839081)),((144.997457 -37.836895999999996,144.997357 -37.836895999999996,144.997357 -37.836796,144.997457 -37.836796,144.997457 -37.836895999999996)),((145.080566 -37.887732,145.080566 -37.887631999999996,145.08066599999998 -37.887631999999996,145.08066599999998 -37.887732,145.080566 -37.887732)),((145.047437 -37.876092,145.047437 -37.875992,145.047537 -37.875992,145.047537 -37.876092,145.047437 -37.876092)),((145.04072499999998 -37.87489,145.04072499999998 -37.87479,145.04082499999998 -37.87479,145.04082499999998 -37.87489,145.04072499999998 -37.87489)),((145.052864 -37.856840999999996,145.052864 -37.856741,145.052964 -37.856741,145.052964 -37.856840999999996,145.052864 -37.856840999999996)),((145.045186 -37.853811,145.045186 -37.853711,145.045286 -37.853711,145.045286 -37.853811,145.045186 -37.853811)))', 7844)),
(65, 'lgaeb9321b0357b', 'Surf Coast', 'Surf Coast', 'VIC', ST_GeomFromText('MULTIPOLYGON(((143.97231399999998 -38.534496,143.972414 -38.534496,143.972414 -38.534596,143.97231399999998 -38.534596,143.97231399999998 -38.534496)),((144.321663 -38.308386999999996,144.321663 -38.308487,144.321563 -38.308487,144.321563 -38.308386999999996,144.321663 -38.308386999999996)),((144.000247 -38.233675999999996,144.000247 -38.233776,144.000147 -38.233776,144.000147 -38.233675999999996,144.000247 -38.233675999999996)))', 7844)),
(66, 'lgaee4000c6a5c1', 'Mildura', 'Mildura', 'VIC', ST_GeomFromText('MULTIPOLYGON(((142.036509 -34.242405999999995,142.036509 -34.242506,142.036409 -34.242506,142.036409 -34.242405999999995,142.036509 -34.242405999999995)),((142.14422199999998 -34.233306999999996,142.14422199999998 -34.233407,142.14412199999998 -34.233407,142.14412199999998 -34.233306999999996,142.14422199999998 -34.233306999999996)),((142.124667 -34.199984,142.124667 -34.200084,142.12456699999998 -34.200084,142.12456699999998 -34.199984,142.124667 -34.199984)),((142.059767 -34.166658999999996,142.059767 -34.166759,142.059667 -34.166759,142.059667 -34.166658999999996,142.059767 -34.166658999999996)))', 7844)),
(67, 'lgaf4d7671cd990', 'Campaspe', 'Campaspe', 'VIC', ST_GeomFromText('MULTIPOLYGON(((144.479847 -36.312277,144.479847 -36.312377,144.479747 -36.312377,144.479747 -36.312277,144.479847 -36.312277)),((145.05306 -36.311384,145.05306 -36.311484,145.05295999999998 -36.311484,145.05295999999998 -36.311384,145.05306 -36.311384)),((144.55468399999998 -36.01108,144.55468399999998 -36.011179999999996,144.554584 -36.011179999999996,144.554584 -36.01108,144.55468399999998 -36.01108)),((144.484285 -35.979469,144.484285 -35.979569,144.484185 -35.979569,144.484185 -35.979469,144.484285 -35.979469)))', 7844)),
(68, 'lgaf76bb579e827', 'Brimbank', 'Brimbank', 'VIC', ST_GeomFromText('MULTIPOLYGON(((144.809516 -37.792002,144.809516 -37.792102,144.809416 -37.792102,144.809416 -37.792002,144.809516 -37.792002)),((144.789481 -37.791593999999996,144.789381 -37.791593999999996,144.789381 -37.791494,144.789481 -37.791494,144.789481 -37.791593999999996)),((144.764222 -37.777753,144.764122 -37.777753,144.764122 -37.777653,144.764222 -37.777653,144.764222 -37.777753)),((144.760648 -37.769425,144.760548 -37.769425,144.760548 -37.769324999999995,144.760648 -37.769324999999995,144.760648 -37.769425)),((144.826626 -37.752272,144.826526 -37.752272,144.826526 -37.752172,144.826626 -37.752172,144.826626 -37.752272)),((144.76394299999998 -37.735652,144.76384299999998 -37.735652,144.76384299999998 -37.735552,144.76394299999998 -37.735552,144.76394299999998 -37.735652)),((144.779798 -37.706782,144.779698 -37.706782,144.779698 -37.706682,144.779798 -37.706682,144.779798 -37.706782)))', 7844)),
(69, 'lgafa7d75c94e0c', 'Maroondah', 'Maroondah', 'VIC', ST_GeomFromText('MULTIPOLYGON(((145.26797 -37.833611999999995,145.26797 -37.833712,145.26787 -37.833712,145.26787 -37.833611999999995,145.26797 -37.833611999999995)),((145.259414 -37.824711,145.259414 -37.824811,145.259314 -37.824811,145.259314 -37.824711,145.259414 -37.824711)),((145.23014899999998 -37.805273,145.23014899999998 -37.805372999999996,145.23004899999998 -37.805372999999996,145.23004899999998 -37.805273,145.23014899999998 -37.805273)),((145.280596 -37.799563,145.280496 -37.799563,145.280496 -37.799462999999996,145.280596 -37.799462999999996,145.280596 -37.799563)),((145.252701 -37.777453,145.252601 -37.777453,145.252601 -37.777353,145.252701 -37.777353,145.252701 -37.777453)))', 7844)),
(70, 'lgaJ2LPN2y4pll0', 'Merri-Bek', 'Merri-Bek', 'VIC', ST_GeomFromText('MULTIPOLYGON(((144.937092 -37.759754,144.936992 -37.759754,144.936992 -37.759654,144.937092 -37.759654,144.937092 -37.759754)),((144.926376 -37.730456,144.926376 -37.730356,144.92647599999998 -37.730356,144.92647599999998 -37.730456,144.926376 -37.730456)),((144.925989 -37.727574,144.925989 -37.727474,144.926089 -37.727474,144.926089 -37.727574,144.925989 -37.727574)),((144.916184 -37.722063,144.91608399999998 -37.722063,144.91608399999998 -37.721962999999995,144.916184 -37.721962999999995,144.916184 -37.722063)),((144.91633099999999 -37.72175,144.91633099999999 -37.72165,144.916431 -37.72165,144.916431 -37.72175,144.91633099999999 -37.72175)),((144.911646 -37.708517,144.911646 -37.708417,144.911746 -37.708417,144.911746 -37.708517,144.911646 -37.708517)),((144.97531999999998 -37.774443999999995,144.97522 -37.774443999999995,144.97522 -37.774344,144.97531999999998 -37.774344,144.97531999999998 -37.774443999999995)),((144.973026 -37.765014,144.973026 -37.764914,144.97312599999998 -37.764914,144.97312599999998 -37.765014,144.973026 -37.765014)),((144.945599 -37.764115,144.945599 -37.764015,144.945699 -37.764015,144.945699 -37.764115,144.945599 -37.764115)),((144.96919 -37.753555,144.96909 -37.753555,144.96909 -37.753454999999995,144.96919 -37.753454999999995,144.96919 -37.753555)),((144.956819 -37.733823,144.956819 -37.733723,144.956919 -37.733723,144.956919 -37.733823,144.956819 -37.733823)),((144.965868 -37.696121,144.965868 -37.696021,144.965968 -37.696021,144.965968 -37.696121,144.965868 -37.696121)))', 7844));
CREATE TABLE IF NOT EXISTS raw_admin_bdys_202602.aus_wards (gid integer PRIMARY KEY, ward_pid text NOT NULL, lga_pid text NOT NULL, ward_name text NOT NULL, state text NOT NULL, geom geometry(MultiPolygon, 7844) NOT NULL);
INSERT INTO raw_admin_bdys_202602.aus_wards (gid, ward_pid, lga_pid, ward_name, state, geom) VALUES
(1, 'wad007f14b55568', 'lga5c66b4f8531c', 'Tarwin Valley Ward', 'VIC', ST_GeomFromText('MULTIPOLYGON(((145.93622299999998 -38.472246,145.93622299999998 -38.472145999999995,145.936323 -38.472145999999995,145.936323 -38.472246,145.93622299999998 -38.472246)))', 7844)),
(2, 'wad00ce24084fec', 'lgab3be0b9eb31a', 'Waldau Ward', 'VIC', ST_GeomFromText('MULTIPOLYGON(((145.14753199999998 -37.786136,145.147632 -37.786136,145.147632 -37.786235999999995,145.14753199999998 -37.786235999999995,145.14753199999998 -37.786136)),((145.149527 -37.773191,145.14962699999998 -37.773191,145.14962699999998 -37.773291,145.149527 -37.773291,145.149527 -37.773191)))', 7844)),
(3, 'wad033292abab50', 'lgac69cfd288672', 'Henty Ward', 'VIC', ST_GeomFromText('MULTIPOLYGON(((145.478015 -38.079322,145.478115 -38.079322,145.478115 -38.079422,145.478015 -38.079422,145.478015 -38.079322)),((145.487431 -38.072773,145.487531 -38.072773,145.487531 -38.072873,145.487431 -38.072873,145.487431 -38.072773)))', 7844)),
(4, 'wad06be12aa2c37', 'lga2f887f3655b9', 'Swan Hill Rural City', 'VIC', ST_GeomFromText('MULTIPOLYGON(((143.26827699999998 -35.475927999999996,143.268377 -35.475927999999996,143.268377 -35.476028,143.26827699999998 -35.476028,143.26827699999998 -35.475927999999996)),((143.490807 -35.306535,143.490907 -35.306535,143.490907 -35.306635,143.490807 -35.306635,143.490807 -35.306535)))', 7844)),
(5, 'wad086a5a9284d6', 'lga53f7b61b0ed6', 'Dendy Ward', 'VIC', ST_GeomFromText('MULTIPOLYGON(((144.991431 -37.91056,144.991431 -37.91066,144.991331 -37.91066,144.991331 -37.91056,144.991431 -37.91056)),((145.000915 -37.903543,145.000915 -37.903642999999995,145.000815 -37.903642999999995,145.000815 -37.903543,145.000915 -37.903543)),((144.993372 -37.895134,144.993372 -37.895233999999995,144.993272 -37.895233999999995,144.993272 -37.895134,144.993372 -37.895134)),((144.99672999999999 -37.887851999999995,144.99672999999999 -37.887952,144.99662999999998 -37.887952,144.99662999999998 -37.887851999999995,144.99672999999999 -37.887851999999995)))', 7844)),
(6, 'wad0NKqnSwoDzUo', 'lga4449559268d6', 'Lennox Ward', 'VIC', ST_GeomFromText('MULTIPOLYGON(((144.992828 -37.826806999999995,144.992828 -37.826707,144.992928 -37.826707,144.992928 -37.826806999999995,144.992828 -37.826806999999995)))', 7844)),
(7, 'wad0yeVgdkzJlKJ', 'lgad68479123642', 'Port Melbourne Ward', 'VIC', ST_GeomFromText('MULTIPOLYGON(((144.939482 -37.841333999999996,144.939482 -37.841234,144.939582 -37.841234,144.939582 -37.841333999999996,144.939482 -37.841333999999996)))', 7844)),
(8, 'wad10bOEnGsV8dy', 'lgaJ2LPN2y4pll0', 'Djirri-Djirri Ward', 'VIC', ST_GeomFromText('MULTIPOLYGON(((144.926089 -37.727474,144.926089 -37.727574,144.925989 -37.727574,144.925989 -37.727474,144.926089 -37.727474)),((144.916184 -37.721962999999995,144.916184 -37.722063,144.91608399999998 -37.722063,144.91608399999998 -37.721962999999995,144.916184 -37.721962999999995)),((144.916431 -37.72165,144.916431 -37.72175,144.91633099999999 -37.72175,144.91633099999999 -37.72165,144.916431 -37.72165)),((144.911746 -37.708417,144.911746 -37.708517,144.911646 -37.708517,144.911646 -37.708417,144.911746 -37.708417)))', 7844)),
(9, 'wad11cce03bd400', 'lga26260a89bb1b', 'Glenelg Shire', 'VIC', ST_GeomFromText('MULTIPOLYGON(((141.597239 -38.360106,141.597239 -38.360006,141.597339 -38.360006,141.597339 -38.360106,141.597239 -38.360106)))', 7844)),
(10, 'wad1484ec1e9472', 'lga227fb535494c', 'Kardinia Ward', 'VIC', ST_GeomFromText('MULTIPOLYGON(((144.35019499999999 -38.139081999999995,144.35019499999999 -38.138982,144.350295 -38.138982,144.350295 -38.139081999999995,144.35019499999999 -38.139081999999995)))', 7844)),
(11, 'wad16e199e3d481', 'lgab65bc8ec7820', 'Keysborough South Ward', 'VIC', ST_GeomFromText('MULTIPOLYGON(((145.159012 -38.027632,145.159012 -38.027532,145.159112 -38.027532,145.159112 -38.027632,145.159012 -38.027632)))', 7844)),
(12, 'wad19afb15ebd49', 'lgaeb9321b0357b', 'Winchelsea Ward', 'VIC', ST_GeomFromText('MULTIPOLYGON(((144.000147 -38.233776,144.000147 -38.233675999999996,144.000247 -38.233675999999996,144.000247 -38.233776,144.000147 -38.233776)))', 7844)),
(13, 'wad1ad3a9f03b24', 'lgab65bc8ec7820', 'Noble Park Ward', 'VIC', ST_GeomFromText('MULTIPOLYGON(((145.167411 -37.973904999999995,145.167411 -37.973805,145.167511 -37.973805,145.167511 -37.973904999999995,145.167411 -37.973904999999995)))', 7844)),
(14, 'wad1e131124c085', 'lga82035025d67f', 'West Wimmera Shire', 'VIC', ST_GeomFromText('MULTIPOLYGON(((141.407828 -37.320685,141.407828 -37.320585,141.407928 -37.320585,141.407928 -37.320685,141.407828 -37.320685)))', 7844)),
(15, 'wad1u0ukfvW35MB', 'lga9bd137c30d17', 'Orrong Ward', 'VIC', ST_GeomFromText('MULTIPOLYGON(((145.009234 -37.896851999999996,145.009334 -37.896851999999996,145.009334 -37.896952,145.009234 -37.896952,145.009234 -37.896851999999996)),((144.998233 -37.884586999999996,144.998333 -37.884586999999996,144.998333 -37.884687,144.998233 -37.884687,144.998233 -37.884586999999996)))', 7844)),
(16, 'wad1UZuH3bVedRB', 'lgad68479123642', 'Lakeside Ward', 'VIC', ST_GeomFromText('MULTIPOLYGON(((144.976256 -37.844091999999996,144.976156 -37.844091999999996,144.976156 -37.843992,144.976256 -37.843992,144.976256 -37.844091999999996)),((144.97582 -37.843115999999995,144.97582 -37.843016,144.97592 -37.843016,144.97592 -37.843115999999995,144.97582 -37.843115999999995)),((144.975631 -37.842587,144.975631 -37.842487,144.975731 -37.842487,144.975731 -37.842587,144.975631 -37.842587)),((144.974358 -37.838826,144.974258 -37.838826,144.974258 -37.838726,144.974358 -37.838726,144.974358 -37.838826)),((144.975943 -37.838726,144.975943 -37.838626,144.976043 -37.838626,144.976043 -37.838726,144.975943 -37.838726)),((144.981101 -37.852877,144.981101 -37.852776999999996,144.981201 -37.852776999999996,144.981201 -37.852877,144.981101 -37.852877)),((144.97917999999999 -37.852336,144.97917999999999 -37.852236,144.97928 -37.852236,144.97928 -37.852336,144.97917999999999 -37.852336)),((144.979776 -37.849246,144.979776 -37.849146,144.979876 -37.849146,144.979876 -37.849246,144.979776 -37.849246)),((144.97897899999998 -37.847061,144.97897899999998 -37.846961,144.97907899999998 -37.846961,144.97907899999998 -37.847061,144.97897899999998 -37.847061)),((144.978901 -37.846847,144.978901 -37.846747,144.97900099999998 -37.846747,144.97900099999998 -37.846847,144.978901 -37.846847)),((144.976882 -37.841308999999995,144.976882 -37.841209,144.976982 -37.841209,144.976982 -37.841308999999995,144.976882 -37.841308999999995)))', 7844)),
(17, 'wad2082444c3373', 'lga691f580f3258', 'Bunjil Ward', 'VIC', ST_GeomFromText('MULTIPOLYGON(((145.099976 -37.930976,145.099976 -37.930876,145.100076 -37.930876,145.100076 -37.930976,145.099976 -37.930976)))', 7844)),
(18, 'wad23832134f3e4', 'lgaca1dd9cec0f0', 'Golden Plains Shire', 'VIC', ST_GeomFromText('MULTIPOLYGON(((143.792524 -37.839256,143.792524 -37.839155999999996,143.792624 -37.839155999999996,143.792624 -37.839256,143.792524 -37.839256)))', 7844)),
(19, 'wad253892513dc2', 'lga691f580f3258', 'Sandpiper Ward', 'VIC', ST_GeomFromText('MULTIPOLYGON(((145.125538 -38.041979999999995,145.12563799999998 -38.041979999999995,145.12563799999998 -38.04208,145.125538 -38.04208,145.125538 -38.041979999999995)),((145.134762 -38.031147,145.134762 -38.031247,145.134662 -38.031247,145.134662 -38.031147,145.134762 -38.031147)),((145.13432699999998 -38.029624999999996,145.13432699999998 -38.029725,145.13422699999998 -38.029725,145.13422699999998 -38.029624999999996,145.13432699999998 -38.029624999999996)))', 7844)),
(20, 'wad28e15eea45da', 'lga575ae7e97596', 'Whipstick Ward', 'VIC', ST_GeomFromText('MULTIPOLYGON(((144.28397099999998 -36.708484,144.28397099999998 -36.708383999999995,144.28407099999998 -36.708383999999995,144.28407099999998 -36.708484,144.28397099999998 -36.708484)))', 7844)),
(21, 'wad2fb8cdde0b4a', 'lga72904b64c519', 'East Gippsland Shire', 'VIC', ST_GeomFromText('MULTIPOLYGON(((147.637788 -37.825305,147.637888 -37.825305,147.637888 -37.825404999999996,147.637788 -37.825404999999996,147.637788 -37.825305)),((147.59743799999998 -37.823541999999996,147.597538 -37.823541999999996,147.597538 -37.823642,147.59743799999998 -37.823642,147.59743799999998 -37.823541999999996)))', 7844)),
(22, 'wad302S-MiFLVrK', 'lgaJ2LPN2y4pll0', 'Harmony Park Ward', 'VIC', ST_GeomFromText('MULTIPOLYGON(((144.956819 -37.733823,144.956819 -37.733723,144.956919 -37.733723,144.956919 -37.733823,144.956819 -37.733823)))', 7844)),
(23, 'wad328366eaf3dc', 'lgafa7d75c94e0c', 'Tarralla Ward', 'VIC', ST_GeomFromText('MULTIPOLYGON(((145.26787 -37.833712,145.26787 -37.833611999999995,145.26797 -37.833611999999995,145.26797 -37.833712,145.26787 -37.833712)))', 7844)),
(24, 'wad3600de311f72', 'lgab3be0b9eb31a', 'Ruffey Ward', 'VIC', ST_GeomFromText('MULTIPOLYGON(((145.131594 -37.775397,145.131594 -37.775296999999995,145.13169399999998 -37.775296999999995,145.13169399999998 -37.775397,145.131594 -37.775397)))', 7844)),
(25, 'wad361ad2280132', 'lga5c66b4f8531c', 'Strzelecki Ward', 'VIC', ST_GeomFromText('MULTIPOLYGON(((145.83096 -38.440176,145.83096 -38.440076,145.83105999999998 -38.440076,145.83105999999998 -38.440176,145.83096 -38.440176)))', 7844)),
(26, 'wad393a480edfcf', 'lga4449559268d6', 'Melba Ward', 'VIC', ST_GeomFromText('MULTIPOLYGON(((145.009471 -37.811643,145.009471 -37.811543,145.009571 -37.811543,145.009571 -37.811643,145.009471 -37.811643)))', 7844)),
(27, 'wad39774553a495', 'lga691f580f3258', 'Longbeach Ward', 'VIC', ST_GeomFromText('MULTIPOLYGON(((145.126082 -38.056221,145.126082 -38.056121,145.126182 -38.056121,145.126182 -38.056221,145.126082 -38.056221)))', 7844)),
(28, 'wad39d5f838e441', 'lga53f7b61b0ed6', 'Ebden Ward', 'VIC', ST_GeomFromText('MULTIPOLYGON(((145.013745 -37.967579,145.013845 -37.967579,145.013845 -37.967679,145.013745 -37.967679,145.013745 -37.967579)),((145.04093799999998 -37.962072,145.04093799999998 -37.962171999999995,145.04083799999998 -37.962171999999995,145.04083799999998 -37.962072,145.04093799999998 -37.962072)),((145.038553 -37.958802,145.038553 -37.958901999999995,145.038453 -37.958901999999995,145.038453 -37.958802,145.038553 -37.958802)))', 7844)),
(29, 'wad3b3c629a6f23', 'lga5591321694d6', 'Chelsworth Ward', 'VIC', ST_GeomFromText('MULTIPOLYGON(((145.04670099999998 -37.772752,145.04670099999998 -37.772652,145.046801 -37.772652,145.046801 -37.772752,145.04670099999998 -37.772752)))', 7844)),
(30, 'wad3f530a6484b8', 'lgadbd419ff24e3', 'Ryrie Ward', 'VIC', ST_GeomFromText('MULTIPOLYGON(((145.536281 -37.649267,145.536381 -37.649267,145.536381 -37.649367,145.536281 -37.649367,145.536281 -37.649267)),((145.37832899999998 -37.635444,145.37842899999998 -37.635444,145.37842899999998 -37.635543999999996,145.37832899999998 -37.635543999999996,145.37832899999998 -37.635444)))', 7844)),
(31, 'wad3fb5999d4db1', 'lga5bfafb32b8d5', 'South Ward', 'VIC', ST_GeomFromText('MULTIPOLYGON(((144.996684 -37.783093,144.996684 -37.782993,144.996784 -37.782993,144.996784 -37.783093,144.996684 -37.783093)))', 7844)),
(32, 'wad402ca2ca8a7a', 'lga53f7b61b0ed6', 'Boyd Ward', 'VIC', ST_GeomFromText('MULTIPOLYGON(((145.004215 -37.942522,145.004215 -37.942422,145.004315 -37.942422,145.004315 -37.942522,145.004215 -37.942522)))', 7844)),
(33, 'wad42e6aa4ccc5b', 'lga77d96c3addfd', 'East Ward', 'VIC', ST_GeomFromText('MULTIPOLYGON(((146.157997 -38.219442,146.157997 -38.219342,146.158097 -38.219342,146.158097 -38.219442,146.157997 -38.219442)))', 7844)),
(34, 'wad448ce116b942', 'lgaa61a81fb4118', 'South Ward', 'VIC', ST_GeomFromText('MULTIPOLYGON(((144.637516 -37.547955,144.63761599999998 -37.547955,144.63761599999998 -37.548055,144.637516 -37.548055,144.637516 -37.547955)),((144.584295 -37.490117,144.584395 -37.490117,144.584395 -37.490217,144.584295 -37.490217,144.584295 -37.490117)))', 7844)),
(35, 'wad47d3bb0ccf8c', 'lgaa40be6b352b7', 'Colac Otway Shire', 'VIC', ST_GeomFromText('MULTIPOLYGON(((143.557848 -38.632583,143.557848 -38.632483,143.55794799999998 -38.632483,143.55794799999998 -38.632583,143.557848 -38.632583)))', 7844)),
(36, 'wad4964b853357e', 'lga5bfafb32b8d5', 'West Ward', 'VIC', ST_GeomFromText('MULTIPOLYGON(((144.992878 -37.741217999999996,144.992978 -37.741217999999996,144.992978 -37.741318,144.992878 -37.741318,144.992878 -37.741217999999996)),((145.000202 -37.737992,145.000302 -37.737992,145.000302 -37.738092,145.000202 -37.738092,145.000202 -37.737992)))', 7844)),
(37, 'wad49OyljM8Of_R', 'lgad68479123642', 'St Kilda Ward', 'VIC', ST_GeomFromText('MULTIPOLYGON(((144.979704 -37.862376999999995,144.979804 -37.862376999999995,144.979804 -37.862477,144.979704 -37.862477,144.979704 -37.862376999999995)),((144.97896799999998 -37.859046,144.97906799999998 -37.859046,144.97906799999998 -37.859145999999996,144.97896799999998 -37.859145999999996,144.97896799999998 -37.859046)))', 7844)),
(38, 'wad4a4aa96101ba', 'lgab3be0b9eb31a', 'Westerfolds Ward', 'VIC', ST_GeomFromText('MULTIPOLYGON(((145.158186 -37.753644,145.158186 -37.753544,145.158286 -37.753544,145.158286 -37.753644,145.158186 -37.753644)))', 7844)),
(39, 'wad4b7424fe2c1a', 'lga691f580f3258', 'Melaleuca Ward', 'VIC', ST_GeomFromText('MULTIPOLYGON(((145.082957 -38.001252,145.082957 -38.001152,145.083057 -38.001152,145.083057 -38.001252,145.082957 -38.001252)))', 7844)),
(40, 'wad4c653401ab5d', 'lga53f7b61b0ed6', 'Castlefield Ward', 'VIC', ST_GeomFromText('MULTIPOLYGON(((145.016058 -37.931931999999996,145.016158 -37.931931999999996,145.016158 -37.932032,145.016058 -37.932032,145.016058 -37.931931999999996)),((145.003594 -37.930247,145.003694 -37.930247,145.003694 -37.930347,145.003594 -37.930347,145.003594 -37.930247)))', 7844)),
(41, 'wad4e5a13c9f650', 'lga6ede3850c9ef', 'Towong Shire', 'VIC', ST_GeomFromText('MULTIPOLYGON(((147.989151 -36.126503,147.989151 -36.126402999999996,147.989251 -36.126402999999996,147.989251 -36.126503,147.989151 -36.126503)))', 7844)),
(42, 'wad4GOUAzunjtQ3', 'lgae1dcbacb8510', 'Hedgeley Dene Ward', 'VIC', ST_GeomFromText('MULTIPOLYGON(((145.04072499999998 -37.87479,145.04082499999998 -37.87479,145.04082499999998 -37.87489,145.04072499999998 -37.87489,145.04072499999998 -37.87479)))', 7844)),
(43, 'wad4V7EkNIaOhR5', 'lgab70a9914e5bc', 'Buninyong Ward', 'VIC', ST_GeomFromText('MULTIPOLYGON(((143.884917 -37.698769999999996,143.884917 -37.69867,143.885017 -37.69867,143.885017 -37.698769999999996,143.884917 -37.698769999999996)))', 7844)),
(44, 'wad52905cdfee54', 'lga0eac1885ea16', 'Loddon River Ward', 'VIC', ST_GeomFromText('MULTIPOLYGON(((144.04549799999998 -37.065098,144.04549799999998 -37.064997999999996,144.04559799999998 -37.064997999999996,144.04559799999998 -37.065098,144.04549799999998 -37.065098)))', 7844)),
(45, 'wad55ea8956cf9d', 'lga691f580f3258', 'Karkarook Ward', 'VIC', ST_GeomFromText('MULTIPOLYGON(((145.066611 -37.953627,145.066711 -37.953627,145.066711 -37.953727,145.066611 -37.953727,145.066611 -37.953627)),((145.081 -37.953429,145.081 -37.953528999999996,145.08089999999999 -37.953528999999996,145.08089999999999 -37.953429,145.081 -37.953429)),((145.03829299999998 -37.935134,145.03829299999998 -37.935234,145.038193 -37.935234,145.038193 -37.935134,145.03829299999998 -37.935134)))', 7844)),
(46, 'wad56152dcfe8bc', 'lgab70a9914e5bc', 'Central Ward', 'VIC', ST_GeomFromText('MULTIPOLYGON(((143.857036 -37.556112999999996,143.857036 -37.556013,143.857136 -37.556013,143.857136 -37.556112999999996,143.857036 -37.556112999999996)))', 7844)),
(47, 'wad57319f4584c9', 'lga575ae7e97596', 'Eppalock Ward', 'VIC', ST_GeomFromText('MULTIPOLYGON(((144.78255099999998 -36.955517,144.782651 -36.955517,144.782651 -36.955617,144.78255099999998 -36.955617,144.78255099999998 -36.955517)),((144.538095 -36.88744,144.538195 -36.88744,144.538195 -36.88754,144.538095 -36.88754,144.538095 -36.88744)))', 7844)),
(48, 'wad57701c871e30', 'lga42b2fd54c1e9', 'Watts Ward', 'VIC', ST_GeomFromText('MULTIPOLYGON(((144.604707 -37.68512,144.604707 -37.68502,144.604807 -37.68502,144.604807 -37.68512,144.604707 -37.68512)))', 7844)),
(49, 'wad57d6bb56db1d', 'lga5591321694d6', 'Ibbott Ward', 'VIC', ST_GeomFromText('MULTIPOLYGON(((145.059853 -37.734221999999995,145.059853 -37.734122,145.059953 -37.734122,145.059953 -37.734221999999995,145.059853 -37.734221999999995)))', 7844)),
(50, 'wad5935a963ef9d', 'lga0450031d71ce', 'Sparks Ward', 'VIC', ST_GeomFromText('MULTIPOLYGON(((145.11677799999998 -37.817915,145.11677799999998 -37.817814999999996,145.11687799999999 -37.817814999999996,145.11687799999999 -37.817915,145.11677799999998 -37.817915)))', 7844)),
(51, 'wad5ABFHeA5kyfo', 'lgae1dcbacb8510', 'South Yarra Ward', 'VIC', ST_GeomFromText('MULTIPOLYGON(((144.988797 -37.844286,144.988797 -37.844186,144.98889699999998 -37.844186,144.98889699999998 -37.844286,144.988797 -37.844286)))', 7844)),
(52, 'wad5c0NcFU0xPu0', 'lga15c9c80d4be7', 'University Ward', 'VIC', ST_GeomFromText('MULTIPOLYGON(((145.128022 -37.911694,145.128022 -37.911594,145.128122 -37.911594,145.128122 -37.911694,145.128022 -37.911694)))', 7844)),
(53, 'wad5GqnPaKLTOBU', 'lgaee4000c6a5c1', 'Millewa Ward', 'VIC', ST_GeomFromText('MULTIPOLYGON(((142.036409 -34.242405999999995,142.036509 -34.242405999999995,142.036509 -34.242506,142.036409 -34.242506,142.036409 -34.242405999999995)),((142.059667 -34.166658999999996,142.059767 -34.166658999999996,142.059767 -34.166759,142.059667 -34.166759,142.059667 -34.166658999999996)))', 7844)),
(54, 'wad5M41RFN1lqIK', 'lga227fb535494c', 'Leopold Ward', 'VIC', ST_GeomFromText('MULTIPOLYGON(((144.462365 -38.202428999999995,144.46246499999998 -38.202428999999995,144.46246499999998 -38.202529,144.462365 -38.202529,144.462365 -38.202428999999995)),((144.45849099999998 -38.18674,144.45849099999998 -38.18684,144.458391 -38.18684,144.458391 -38.18674,144.45849099999998 -38.18674)),((144.5575 -38.162756,144.5575 -38.162856,144.5574 -38.162856,144.5574 -38.162756,144.5575 -38.162756)))', 7844)),
(55, 'wad5MfwywcyKQtC', 'lga53026dafea91', 'Quandong Ward', 'VIC', ST_GeomFromText('MULTIPOLYGON(((144.61172299999998 -37.885349,144.611823 -37.885349,144.611823 -37.885449,144.61172299999998 -37.885449,144.61172299999998 -37.885349)),((144.58279199999998 -37.863904999999995,144.582892 -37.863904999999995,144.582892 -37.864005,144.58279199999998 -37.864005,144.58279199999998 -37.863904999999995)))', 7844)),
(56, 'wad615c37be4236', 'lga0450031d71ce', 'Cootamundra Ward', 'VIC', ST_GeomFromText('MULTIPOLYGON(((145.152491 -37.801669,145.152491 -37.801569,145.152591 -37.801569,145.152591 -37.801669,145.152491 -37.801669)))', 7844)),
(57, 'wad61f8fb87ae0c', 'lgac69cfd288672', 'Central Ward', 'VIC', ST_GeomFromText('MULTIPOLYGON(((145.420558 -38.076392999999996,145.420558 -38.076293,145.420658 -38.076293,145.420658 -38.076392999999996,145.420558 -38.076392999999996)))', 7844)),
(58, 'wad6687dc63caac', 'lga0450031d71ce', 'Elgar Ward', 'VIC', ST_GeomFromText('MULTIPOLYGON(((145.12301 -37.816145999999996,145.12301 -37.816046,145.12311 -37.816046,145.12311 -37.816145999999996,145.12301 -37.816145999999996)))', 7844)),
(59, 'wad6a6c459fc221', 'lga891e1f62b45e', 'River Gum Ward', 'VIC', ST_GeomFromText('MULTIPOLYGON(((145.276354 -38.069545999999995,145.276354 -38.069446,145.276454 -38.069446,145.276454 -38.069545999999995,145.276354 -38.069545999999995)))', 7844)),
(60, 'wad6aa1f2ba6f26', 'lga5c66b4f8531c', 'Coastal-Promontory Ward', 'VIC', ST_GeomFromText('MULTIPOLYGON(((145.788853 -38.679323,145.788853 -38.679223,145.788953 -38.679223,145.788953 -38.679323,145.788853 -38.679323)))', 7844)),
(61, 'wad6bqrBKnATSMy', 'lga79b8fe15ee4f', 'Baranduda Range Ward', 'VIC', ST_GeomFromText('MULTIPOLYGON(((146.946847 -36.185491,146.946847 -36.185390999999996,146.946947 -36.185390999999996,146.946947 -36.185491,146.946847 -36.185491)))', 7844)),
(62, 'wad6sK7FI4NeSmJ', 'lga891e1f62b45e', 'Cranbourne Gardens Ward', 'VIC', ST_GeomFromText('MULTIPOLYGON(((145.236213 -38.195976,145.236313 -38.195976,145.236313 -38.196076,145.236213 -38.196076,145.236213 -38.195976)),((145.293267 -38.138397,145.293367 -38.138397,145.293367 -38.138497,145.293267 -38.138497,145.293267 -38.138397)))', 7844)),
(63, 'wad6Tj4-86FeWqd', 'lga90413c6e7ea0', 'Hepburn Shire', 'VIC', ST_GeomFromText('MULTIPOLYGON(((144.123597 -37.312197999999995,144.123697 -37.312197999999995,144.123697 -37.312298,144.123597 -37.312298,144.123597 -37.312197999999995)),((144.186203 -37.169118999999995,144.18630299999998 -37.169118999999995,144.18630299999998 -37.169219,144.186203 -37.169219,144.186203 -37.169118999999995)))', 7844)),
(64, 'wad7780701db473', 'lgac69cfd288672', 'Bunyip Ward', 'VIC', ST_GeomFromText('MULTIPOLYGON(((145.568769 -38.08417,145.568769 -38.08407,145.568869 -38.08407,145.568869 -38.08417,145.568769 -38.08417)))', 7844)),
(65, 'wad7dxsK5rEAxTh', 'lga69684c885dd2', 'Benbenjie Ward', 'VIC', ST_GeomFromText('MULTIPOLYGON(((144.91241399999998 -38.379377999999996,144.912514 -38.379377999999996,144.912514 -38.379478,144.91241399999998 -38.379478,144.91241399999998 -38.379377999999996)),((144.92229899999998 -38.37555,144.92229899999998 -38.37565,144.922199 -38.37565,144.922199 -38.37555,144.92229899999998 -38.37555)),((144.924451 -38.373146,144.924451 -38.373246,144.924351 -38.373246,144.924351 -38.373146,144.924451 -38.373146)))', 7844)),
(66, 'wad7ffea4a2d5e2', 'lga0061bf039442', 'Wedderburn Ward', 'VIC', ST_GeomFromText('MULTIPOLYGON(((143.808968 -36.422726,143.808968 -36.422626,143.809068 -36.422626,143.809068 -36.422726,143.808968 -36.422726)))', 7844)),
(67, 'wad80623869e39d', 'lga638d2708b9ab', 'Myrnong Ward', 'VIC', ST_GeomFromText('MULTIPOLYGON(((144.93714699999998 -37.786953,144.93714699999998 -37.786853,144.93724699999999 -37.786853,144.93724699999999 -37.786953,144.93714699999998 -37.786953)))', 7844)),
(68, 'wad80ec090a6e95', 'lga0930e8ebad68', 'Bellevue Ward', 'VIC', ST_GeomFromText('MULTIPOLYGON(((145.092273 -37.786398,145.092273 -37.786297999999995,145.09237299999998 -37.786297999999995,145.09237299999998 -37.786398,145.092273 -37.786398)))', 7844)),
(69, 'wad819f7c7cf820', 'lgaac2e88625ea2', 'Western Port Ward', 'VIC', ST_GeomFromText('MULTIPOLYGON(((145.59822 -38.593505,145.59822 -38.593405,145.59832 -38.593405,145.59832 -38.593505,145.59822 -38.593505)))', 7844)),
(70, 'wad828d750c07c7', 'lga53f7b61b0ed6', 'Bleazby Ward', 'VIC', ST_GeomFromText('MULTIPOLYGON(((145.007197 -37.904999,145.007197 -37.904899,145.007297 -37.904899,145.007297 -37.904999,145.007197 -37.904999)))', 7844)),
(71, 'wad84f8c3ad8ad9', 'lgab65bc8ec7820', 'Springvale South Ward', 'VIC', ST_GeomFromText('MULTIPOLYGON(((145.14898 -37.970552999999995,145.14898 -37.970453,145.14908 -37.970453,145.14908 -37.970552999999995,145.14898 -37.970552999999995)))', 7844)),
(72, 'wad851b1ea7d8b8', 'lgadd6ba71d5cd0', 'Melbourne City', 'VIC', ST_GeomFromText('MULTIPOLYGON(((144.952573 -37.82263,144.952573 -37.82273,144.952473 -37.82273,144.952473 -37.82263,144.952573 -37.82263)),((144.95449399999998 -37.821492,144.95449399999998 -37.821591999999995,144.95439399999998 -37.821591999999995,144.95439399999998 -37.821492,144.95449399999998 -37.821492)),((144.953567 -37.821221,144.953567 -37.821321,144.953467 -37.821321,144.953467 -37.821221,144.953567 -37.821221)),((144.947022 -37.818242,144.947022 -37.818342,144.946922 -37.818342,144.946922 -37.818242,144.947022 -37.818242)),((144.95313 -37.815521,144.95313 -37.815621,144.95302999999998 -37.815621,144.95302999999998 -37.815521,144.95313 -37.815521)),((144.954137 -37.815388999999996,144.954137 -37.815489,144.954037 -37.815489,144.954037 -37.815388999999996,144.954137 -37.815388999999996)),((144.938064 -37.815270999999996,144.938064 -37.815371,144.937964 -37.815371,144.937964 -37.815270999999996,144.938064 -37.815270999999996)),((144.953471 -37.814431,144.953471 -37.814530999999995,144.953371 -37.814530999999995,144.953371 -37.814431,144.953471 -37.814431)),((144.952533 -37.814167,144.952533 -37.814267,144.95243299999998 -37.814267,144.95243299999998 -37.814167,144.952533 -37.814167)),((144.953328 -37.813986,144.953328 -37.814085999999996,144.953228 -37.814085999999996,144.953228 -37.813986,144.953328 -37.813986)),((144.95406 -37.81319,144.95406 -37.813289999999995,144.95396 -37.813289999999995,144.95396 -37.81319,144.95406 -37.81319)),((144.946194 -37.813142,144.946194 -37.813241999999995,144.946094 -37.813241999999995,144.946094 -37.813142,144.946194 -37.813142)),((144.95156599999999 -37.810899,144.95156599999999 -37.810998999999995,144.95146599999998 -37.810998999999995,144.95146599999998 -37.810899,144.95156599999999 -37.810899)),((144.944629 -37.805318,144.944629 -37.805417999999996,144.944529 -37.805417999999996,144.944529 -37.805318,144.944629 -37.805318)),((144.953297 -37.798646,144.953297 -37.798746,144.953197 -37.798746,144.953197 -37.798646,144.953297 -37.798646)),((144.943708 -37.798415999999996,144.943708 -37.798516,144.94360799999998 -37.798516,144.94360799999998 -37.798415999999996,144.943708 -37.798415999999996)),((144.94612 -37.798024,144.94612 -37.798124,144.94602 -37.798124,144.94602 -37.798024,144.94612 -37.798024)),((144.946349 -37.796769999999995,144.946349 -37.79687,144.946249 -37.79687,144.946249 -37.796769999999995,144.946349 -37.796769999999995)),((144.91619699999998 -37.782319,144.91619699999998 -37.782419,144.91609699999998 -37.782419,144.91609699999998 -37.782319,144.91619699999998 -37.782319)),((144.939434 -37.77964,144.939434 -37.77974,144.939334 -37.77974,144.939334 -37.77964,144.939434 -37.77964)),((144.95675 -37.827616,144.95675 -37.827715999999995,144.95665 -37.827715999999995,144.95665 -37.827616,144.95675 -37.827616)),((144.958211 -37.82709,144.958211 -37.82719,144.958111 -37.82719,144.958111 -37.82709,144.958211 -37.82709)),((144.95713 -37.826817999999996,144.95713 -37.826918,144.95703 -37.826918,144.95703 -37.826817999999996,144.95713 -37.826817999999996)),((144.959968 -37.826346,144.959968 -37.826446,144.959868 -37.826446,144.959868 -37.826346,144.959968 -37.826346)),((144.959513 -37.826101,144.959513 -37.826201,144.95941299999998 -37.826201,144.95941299999998 -37.826101,144.959513 -37.826101)),((144.96214 -37.825623,144.96214 -37.825722999999996,144.96204 -37.825722999999996,144.96204 -37.825623,144.96214 -37.825623)),((144.955511 -37.820699,144.955511 -37.820799,144.955411 -37.820799,144.955411 -37.820699,144.955511 -37.820699)),((144.958031 -37.817690999999996,144.958031 -37.817791,144.957931 -37.817791,144.957931 -37.817690999999996,144.958031 -37.817690999999996)),((144.961647 -37.817479,144.961647 -37.817578999999995,144.961547 -37.817578999999995,144.961547 -37.817479,144.961647 -37.817479)),((144.95922299999998 -37.817105,144.95922299999998 -37.817205,144.959123 -37.817205,144.959123 -37.817105,144.95922299999998 -37.817105)),((144.957201 -37.816846,144.957201 -37.816946,144.957101 -37.816946,144.957101 -37.816846,144.957201 -37.816846)),((144.956372 -37.815937999999996,144.956372 -37.816038,144.95627199999998 -37.816038,144.95627199999998 -37.815937999999996,144.956372 -37.815937999999996)),((144.96070699999999 -37.811453,144.96070699999999 -37.811552999999996,144.96060699999998 -37.811552999999996,144.96060699999998 -37.811453,144.96070699999999 -37.811453)),((144.961262 -37.809311,144.961262 -37.809411,144.961162 -37.809411,144.961162 -37.809311,144.961262 -37.809311)),((144.960784 -37.808279999999996,144.960784 -37.80838,144.960684 -37.80838,144.960684 -37.808279999999996,144.960784 -37.808279999999996)),((144.960569 -37.807811,144.960569 -37.807911,144.960469 -37.807911,144.960469 -37.807811,144.960569 -37.807811)),((144.961014 -37.807719,144.961014 -37.807818999999995,144.960914 -37.807818999999995,144.960914 -37.807719,144.961014 -37.807719)),((144.961964 -37.806272,144.961964 -37.806371999999996,144.961864 -37.806371999999996,144.961864 -37.806272,144.961964 -37.806272)),((144.961888 -37.805583999999996,144.961888 -37.805684,144.96178799999998 -37.805684,144.96178799999998 -37.805583999999996,144.961888 -37.805583999999996)),((144.955189 -37.803146999999996,144.955189 -37.803247,144.955089 -37.803247,144.955089 -37.803146999999996,144.955189 -37.803146999999996)),((144.955477 -37.800387,144.955477 -37.800487,144.955377 -37.800487,144.955377 -37.800387,144.955477 -37.800387)),((144.979853 -37.84665,144.979853 -37.84675,144.979753 -37.84675,144.979753 -37.84665,144.979853 -37.84665)),((144.979457 -37.845517,144.979457 -37.845617,144.979357 -37.845617,144.979357 -37.845517,144.979457 -37.845517)),((144.978676 -37.843363,144.978676 -37.843463,144.978576 -37.843463,144.978576 -37.843363,144.978676 -37.843363)),((144.976925 -37.838571,144.976925 -37.838671,144.976825 -37.838671,144.976825 -37.838571,144.976925 -37.838571)),((144.969237 -37.829406,144.969237 -37.829505999999995,144.969137 -37.829505999999995,144.969137 -37.829406,144.969237 -37.829406)),((144.963614 -37.824169,144.963614 -37.824269,144.963514 -37.824269,144.963514 -37.824169,144.963614 -37.824169)),((144.962527 -37.821470999999995,144.962527 -37.821571,144.962427 -37.821571,144.962427 -37.821470999999995,144.962527 -37.821470999999995)),((144.965703 -37.817701,144.965703 -37.817800999999996,144.965603 -37.817800999999996,144.965603 -37.817701,144.965703 -37.817701)),((144.96581899999998 -37.817516,144.96581899999998 -37.817616,144.965719 -37.817616,144.965719 -37.817516,144.96581899999998 -37.817516)),((144.968009 -37.81301,144.968009 -37.81311,144.967909 -37.81311,144.967909 -37.81301,144.968009 -37.81301)),((144.968863 -37.812753,144.968863 -37.812853,144.968763 -37.812853,144.968763 -37.812753,144.968863 -37.812753)),((144.969014 -37.812267999999996,144.969014 -37.812368,144.96891399999998 -37.812368,144.96891399999998 -37.812267999999996,144.969014 -37.812267999999996)),((144.96775 -37.811267,144.96775 -37.811367,144.96765 -37.811367,144.96765 -37.811267,144.96775 -37.811267)),((144.968522 -37.809131,144.968522 -37.809231,144.968422 -37.809231,144.968422 -37.809131,144.968522 -37.809131)),((144.967359 -37.808747,144.967359 -37.808847,144.96725899999998 -37.808847,144.96725899999998 -37.808747,144.967359 -37.808747)),((144.966871 -37.794202999999996,144.966871 -37.794303,144.966771 -37.794303,144.966771 -37.794202999999996,144.966871 -37.794202999999996)),((144.971055 -37.793036,144.971055 -37.793136,144.970955 -37.793136,144.970955 -37.793036,144.971055 -37.793036)))', 7844)),
(73, 'wad869d0407f3ba', 'lga69684c885dd2', 'Nepean Ward', 'VIC', ST_GeomFromText('MULTIPOLYGON(((144.773055 -38.372054999999996,144.773055 -38.372155,144.772955 -38.372155,144.772955 -38.372054999999996,144.773055 -38.372054999999996)),((144.76058799999998 -38.364929,144.76058799999998 -38.365029,144.76048799999998 -38.365029,144.76048799999998 -38.364929,144.76058799999998 -38.364929)),((144.736174 -38.344051,144.736174 -38.344151,144.736074 -38.344151,144.736074 -38.344051,144.736174 -38.344051)),((144.73379599999998 -38.337824999999995,144.73369599999998 -38.337824999999995,144.73369599999998 -38.337725,144.73379599999998 -38.337725,144.73379599999998 -38.337824999999995)),((144.709156 -38.330867,144.709056 -38.330867,144.709056 -38.330767,144.709156 -38.330767,144.709156 -38.330867)))', 7844)),
(74, 'wad89a568d4dc5f', 'lga0930e8ebad68', 'Glenferrie Ward', 'VIC', ST_GeomFromText('MULTIPOLYGON(((145.0204 -37.812968,145.0204 -37.812868,145.0205 -37.812868,145.0205 -37.812968,145.0204 -37.812968)))', 7844)),
(75, 'wad89da7f95b671', 'lgafa7d75c94e0c', 'Yarrunga Ward', 'VIC', ST_GeomFromText('MULTIPOLYGON(((145.252601 -37.777453,145.252601 -37.777353,145.252701 -37.777353,145.252701 -37.777453,145.252601 -37.777453)))', 7844)),
(76, 'wad89dbd0afc658', 'lgab65bc8ec7820', 'Cleeland Ward', 'VIC', ST_GeomFromText('MULTIPOLYGON(((145.213834 -37.963795999999995,145.213834 -37.963696,145.213934 -37.963696,145.213934 -37.963795999999995,145.213834 -37.963795999999995)))', 7844)),
(77, 'wad8b0439dfb4fb', 'lga0450031d71ce', 'Kingsley Ward', 'VIC', ST_GeomFromText('MULTIPOLYGON(((145.115324 -37.809733,145.115324 -37.809633,145.115424 -37.809633,145.115424 -37.809733,145.115324 -37.809733)))', 7844)),
(78, 'wad8c29bdb30e60', 'lgaae260494d80c', 'Central Ward', 'VIC', ST_GeomFromText('MULTIPOLYGON(((145.078962 -37.432747,145.079062 -37.432747,145.079062 -37.432846999999995,145.078962 -37.432846999999995,145.078962 -37.432747)),((144.93272199999998 -37.293226,144.932822 -37.293226,144.932822 -37.293326,144.93272199999998 -37.293326,144.93272199999998 -37.293226)))', 7844)),
(79, 'wad8e9b046d6253', 'lga77d96c3addfd', 'Central Ward', 'VIC', ST_GeomFromText('MULTIPOLYGON(((145.932985 -38.158968,145.932985 -38.158868,145.933085 -38.158868,145.933085 -38.158968,145.932985 -38.158968)))', 7844)),
(80, 'wad8f5a9db3d21b', 'lga5bfafb32b8d5', 'Central Ward', 'VIC', ST_GeomFromText('MULTIPOLYGON(((145.014834 -37.748160999999996,145.01493399999998 -37.748160999999996,145.01493399999998 -37.748261,145.014834 -37.748261,145.014834 -37.748160999999996)),((145.002363 -37.746395,145.002463 -37.746395,145.002463 -37.746494999999996,145.002363 -37.746494999999996,145.002363 -37.746395)))', 7844)),
(81, 'wad8Xd3NHzIUcZi', 'lga53026dafea91', 'Cheetham Ward', 'VIC', ST_GeomFromText('MULTIPOLYGON(((144.764746 -37.906293,144.764846 -37.906293,144.764846 -37.906393,144.764746 -37.906393,144.764746 -37.906293)),((144.767588 -37.906231,144.767688 -37.906231,144.767688 -37.906331,144.767588 -37.906331,144.767588 -37.906231)))', 7844)),
(82, 'wad93d957bf0e83', 'lgab3be0b9eb31a', 'Bolin Ward', 'VIC', ST_GeomFromText('MULTIPOLYGON(((145.095484 -37.768741999999996,145.095484 -37.768642,145.095584 -37.768642,145.095584 -37.768741999999996,145.095484 -37.768741999999996)))', 7844)),
(83, 'wad9576ecab049a', 'lga5bfafb32b8d5', 'North East Ward', 'VIC', ST_GeomFromText('MULTIPOLYGON(((145.027852 -37.71411,145.027952 -37.71411,145.027952 -37.71421,145.027852 -37.71421,145.027852 -37.71411)),((145.056513 -37.713336999999996,145.056513 -37.713437,145.056413 -37.713437,145.056413 -37.713336999999996,145.056513 -37.713336999999996)),((145.021302 -37.700071,145.021302 -37.700171,145.021202 -37.700171,145.021202 -37.700071,145.021302 -37.700071)))', 7844)),
(84, 'wad9815aa1d069f', 'lgadbd419ff24e3', 'Lyster Ward', 'VIC', ST_GeomFromText('MULTIPOLYGON(((145.356042 -37.970825999999995,145.356142 -37.970825999999995,145.356142 -37.970926,145.356042 -37.970926,145.356042 -37.970825999999995)),((145.356772 -37.930996,145.35687199999998 -37.930996,145.35687199999998 -37.931096,145.356772 -37.931096,145.356772 -37.930996)))', 7844)),
(85, 'wad9a8033d1081a', 'lga977c9605ab7d', 'Wingrove Ward', 'VIC', ST_GeomFromText('MULTIPOLYGON(((145.148258 -37.719007,145.148358 -37.719007,145.148358 -37.719107,145.148258 -37.719107,145.148258 -37.719007)),((145.160363 -37.716024,145.160463 -37.716024,145.160463 -37.716124,145.160363 -37.716124,145.160363 -37.716024)))', 7844)),
(86, 'wad9ac23ae23a13', 'lgaae260494d80c', 'South Ward', 'VIC', ST_GeomFromText('MULTIPOLYGON(((144.953351 -37.480778,144.953451 -37.480778,144.953451 -37.480878,144.953351 -37.480878,144.953351 -37.480778)),((144.97374 -37.417932,144.97384 -37.417932,144.97384 -37.418032,144.97374 -37.418032,144.97374 -37.417932)))', 7844)),
(87, 'wad9b7ebaac29bf', 'lga691f580f3258', 'Chicquita Ward', 'VIC', ST_GeomFromText('MULTIPOLYGON(((145.090441 -37.98627,145.090441 -37.98617,145.090541 -37.98617,145.090541 -37.98627,145.090441 -37.98627)))', 7844)),
(88, 'wad9ff7d2981028', 'lga136d886cbd2c', 'Alpine Shire', 'VIC', ST_GeomFromText('MULTIPOLYGON(((147.156768 -36.746879,147.156868 -36.746879,147.156868 -36.746978999999996,147.156768 -36.746978999999996,147.156768 -36.746879)),((147.039229 -36.479078,147.03932899999998 -36.479078,147.03932899999998 -36.479178,147.039229 -36.479178,147.039229 -36.479078)))', 7844)),
(89, 'wad9p56oRmceP46', 'lga42b2fd54c1e9', 'Cambrian Ward', 'VIC', ST_GeomFromText('MULTIPOLYGON(((144.541686 -37.697838,144.541686 -37.697738,144.541786 -37.697738,144.541786 -37.697838,144.541686 -37.697838)))', 7844)),
(90, 'wada0c2d176c7b8', 'lgaa61a81fb4118', 'East Ward', 'VIC', ST_GeomFromText('MULTIPOLYGON(((144.695033 -37.466662,144.695133 -37.466662,144.695133 -37.466761999999996,144.695033 -37.466761999999996,144.695033 -37.466662)),((144.732786 -37.360531,144.73288599999998 -37.360531,144.73288599999998 -37.360631,144.732786 -37.360631,144.732786 -37.360531)))', 7844)),
(91, 'wada1e81dc1a459', 'lgaa61a81fb4118', 'West Ward', 'VIC', ST_GeomFromText('MULTIPOLYGON(((144.414304 -37.322002999999995,144.414304 -37.321903,144.414404 -37.321903,144.414404 -37.322002999999995,144.414304 -37.322002999999995)))', 7844)),
(92, 'wada2452b82710e', 'lga4449559268d6', 'Langridge Ward', 'VIC', ST_GeomFromText('MULTIPOLYGON(((144.997668 -37.801176,144.997668 -37.801075999999995,144.99776799999998 -37.801075999999995,144.99776799999998 -37.801176,144.997668 -37.801176)))', 7844)),
(93, 'wada3ca41faf88e', 'lga0930e8ebad68', 'Lynden Ward', 'VIC', ST_GeomFromText('MULTIPOLYGON(((145.07377 -37.837997,145.07387 -37.837997,145.07387 -37.838097,145.07377 -37.838097,145.07377 -37.837997)),((145.09392699999998 -37.836147,145.09402699999998 -37.836147,145.09402699999998 -37.836247,145.09392699999998 -37.836247,145.09392699999998 -37.836147)))', 7844)),
(94, 'wada5e70a2a8728', 'lga0450031d71ce', 'Wattle Ward', 'VIC', ST_GeomFromText('MULTIPOLYGON(((145.121909 -37.843244,145.122009 -37.843244,145.122009 -37.843343999999995,145.121909 -37.843343999999995,145.121909 -37.843244)),((145.110951 -37.842465,145.111051 -37.842465,145.111051 -37.842565,145.110951 -37.842565,145.110951 -37.842465)))', 7844)),
(95, 'wada683dc47ff30', 'lga575ae7e97596', 'Lockwood Ward', 'VIC', ST_GeomFromText('MULTIPOLYGON(((144.1302 -36.728214,144.1302 -36.728114,144.1303 -36.728114,144.1303 -36.728214,144.1302 -36.728214)))', 7844)),
(96, 'wada6a3e547acbc', 'lga5591321694d6', 'Olympia Ward', 'VIC', ST_GeomFromText('MULTIPOLYGON(((145.05489799999998 -37.741934,145.05499799999998 -37.741934,145.05499799999998 -37.742034,145.05489799999998 -37.742034,145.05489799999998 -37.741934)),((145.044826 -37.739185,145.044926 -37.739185,145.044926 -37.739284999999995,145.044826 -37.739284999999995,145.044826 -37.739185)))', 7844)),
(97, 'wada8d157a920f8', 'lga0eac1885ea16', 'Calder Ward', 'VIC', ST_GeomFromText('MULTIPOLYGON(((144.181479 -36.988797999999996,144.181479 -36.988698,144.181579 -36.988698,144.181579 -36.988797999999996,144.181479 -36.988797999999996)))', 7844)),
(98, 'wada94e80fc0adb', 'lgaeb9321b0357b', 'Torquay Ward', 'VIC', ST_GeomFromText('MULTIPOLYGON(((144.321563 -38.308487,144.321563 -38.308386999999996,144.321663 -38.308386999999996,144.321663 -38.308487,144.321563 -38.308487)))', 7844)),
(99, 'wadaaf7b81c6267', 'lga5bfafb32b8d5', 'North West Ward', 'VIC', ST_GeomFromText('MULTIPOLYGON(((144.993283 -37.710584,144.993383 -37.710584,144.993383 -37.710684,144.993283 -37.710684,144.993283 -37.710584)),((144.984305 -37.701833,144.98440499999998 -37.701833,144.98440499999998 -37.701933,144.984305 -37.701933,144.984305 -37.701833)))', 7844)),
(100, 'wadaC4rKKejsES3', 'lgaee4000c6a5c1', 'Mildura Wetlands Ward', 'VIC', ST_GeomFromText('MULTIPOLYGON(((142.12456699999998 -34.200084,142.12456699999998 -34.199984,142.124667 -34.199984,142.124667 -34.200084,142.12456699999998 -34.200084)))', 7844)),
(101, 'wadafc695e2558b', 'lgadbd419ff24e3', 'Chandler Ward', 'VIC', ST_GeomFromText('MULTIPOLYGON(((145.464641 -37.814111,145.464741 -37.814111,145.464741 -37.814211,145.464641 -37.814211,145.464641 -37.814111)),((145.37539999999998 -37.800849,145.3755 -37.800849,145.3755 -37.800948999999996,145.37539999999998 -37.800948999999996,145.37539999999998 -37.800849)))', 7844)),
(102, 'wad_afsMdcZSJAn', 'lga15c9c80d4be7', 'Waverley Park Ward', 'VIC', ST_GeomFromText('MULTIPOLYGON(((145.19464499999998 -37.920714,145.19464499999998 -37.920614,145.19474499999998 -37.920614,145.19474499999998 -37.920714,145.19464499999998 -37.920714)))', 7844)),
(103, 'wadAGHYYrpkmktP', 'lga224186279c28', 'Williamstown Ward', 'VIC', ST_GeomFromText('MULTIPOLYGON(((144.908107 -37.864574999999995,144.908107 -37.864475,144.908207 -37.864475,144.908207 -37.864574999999995,144.908107 -37.864574999999995)))', 7844)),
(104, 'wadAPt6k3MRzlsb', 'lga891e1f62b45e', 'Correa Ward', 'VIC', ST_GeomFromText('MULTIPOLYGON(((145.28722399999998 -38.101426,145.28732399999998 -38.101426,145.28732399999998 -38.101526,145.28722399999998 -38.101526,145.28722399999998 -38.101426)),((145.276601 -38.079668,145.276601 -38.079768,145.276501 -38.079768,145.276501 -38.079668,145.276601 -38.079668)),((145.27255399999999 -38.07497,145.27255399999999 -38.07507,145.27245399999998 -38.07507,145.27245399999998 -38.07497,145.27255399999999 -38.07497)))', 7844)),
(105, 'wadArdtLcXM18QM', 'lgabff52ad8fdf9', 'King River Ward', 'VIC', ST_GeomFromText('MULTIPOLYGON(((146.388187 -36.439578,146.388187 -36.439478,146.388287 -36.439478,146.388287 -36.439578,146.388187 -36.439578)))', 7844)),
(106, 'wadaxLPH8xNPb2d', 'lga15c9c80d4be7', 'Jells Ward', 'VIC', ST_GeomFromText('MULTIPOLYGON(((145.167004 -37.909682,145.167104 -37.909682,145.167104 -37.909782,145.167004 -37.909782,145.167004 -37.909682)),((145.167294 -37.908097,145.167394 -37.908097,145.167394 -37.908197,145.167294 -37.908197,145.167294 -37.908097)))', 7844)),
(107, 'wadb3eb619c9025', 'lgaacfaedf6a58f', 'Baird Ward', 'VIC', ST_GeomFromText('MULTIPOLYGON(((145.275174 -37.864965999999995,145.275274 -37.864965999999995,145.275274 -37.865066,145.275174 -37.865066,145.275174 -37.864965999999995)),((145.270016 -37.845884,145.270116 -37.845884,145.270116 -37.845984,145.270016 -37.845984,145.270016 -37.845884)))', 7844)),
(108, 'wadb4cad035c737', 'lgafa7d75c94e0c', 'Wicklow Ward', 'VIC', ST_GeomFromText('MULTIPOLYGON(((145.280496 -37.799563,145.280496 -37.799462999999996,145.280596 -37.799462999999996,145.280596 -37.799563,145.280496 -37.799563)))', 7844)),
(109, 'wadB4dkXVU1StzL', 'lga15c9c80d4be7', 'Scotchmans Creek Ward', 'VIC', ST_GeomFromText('MULTIPOLYGON(((145.13827799999999 -37.88012,145.13827799999999 -37.88002,145.138378 -37.88002,145.138378 -37.88012,145.13827799999999 -37.88012)))', 7844)),
(110, 'wadb5ad118a1aa8', 'lga0930e8ebad68', 'Riversdale Ward', 'VIC', ST_GeomFromText('MULTIPOLYGON(((145.04126499999998 -37.838366,145.04126499999998 -37.838466,145.041165 -37.838466,145.041165 -37.838366,145.04126499999998 -37.838366)),((145.045404 -37.829841,145.045404 -37.829941,145.045304 -37.829941,145.045304 -37.829841,145.045404 -37.829841)),((145.034385 -37.826901,145.034385 -37.827000999999996,145.03428499999998 -37.827000999999996,145.03428499999998 -37.826901,145.034385 -37.826901)),((145.042969 -37.826547,145.042969 -37.826647,145.042869 -37.826647,145.042869 -37.826547,145.042969 -37.826547)))', 7844)),
(111, 'wadb6eT0ZIAcbRV', 'lgadd7fe82edc77', 'Centenary Park Ward', 'VIC', ST_GeomFromText('MULTIPOLYGON(((145.17743199999998 -38.155021999999995,145.17743199999998 -38.154922,145.17753199999999 -38.154922,145.17753199999999 -38.155021999999995,145.17743199999998 -38.155021999999995)))', 7844)),
(112, 'wadb7KdXAavZi4R', 'lgad68479123642', 'Montague Ward', 'VIC', ST_GeomFromText('MULTIPOLYGON(((144.951436 -37.832741,144.951536 -37.832741,144.951536 -37.832840999999995,144.951436 -37.832840999999995,144.951436 -37.832741)),((144.952334 -37.832217,144.952334 -37.832316999999996,144.952234 -37.832316999999996,144.952234 -37.832217,144.952334 -37.832217)),((144.944368 -37.829623999999995,144.944368 -37.829724,144.944268 -37.829724,144.944268 -37.829623999999995,144.944368 -37.829623999999995)))', 7844)),
(113, 'wadbc805720b430', 'lgaac2e88625ea2', 'Island Ward', 'VIC', ST_GeomFromText('MULTIPOLYGON(((145.277263 -38.506854,145.277263 -38.506754,145.27736299999998 -38.506754,145.27736299999998 -38.506854,145.277263 -38.506854)))', 7844)),
(114, 'wadbEmlHutlbaow', 'lga227fb535494c', 'Charlemont Ward', 'VIC', ST_GeomFromText('MULTIPOLYGON(((144.340885 -38.20612,144.340885 -38.206019999999995,144.340985 -38.206019999999995,144.340985 -38.20612,144.340885 -38.20612)))', 7844)),
(115, 'wadBQ4dvCZJUl76', 'lga5e8f0b6a35b1', 'Yallourn Ward', 'VIC', ST_GeomFromText('MULTIPOLYGON(((146.42874 -38.219916999999995,146.42874 -38.219817,146.42883999999998 -38.219817,146.42883999999998 -38.219916999999995,146.42874 -38.219916999999995)))', 7844)),
(116, 'wadBUF5KMtu8z-g', 'lga53026dafea91', 'Wimba Ward', 'VIC', ST_GeomFromText('MULTIPOLYGON(((144.691685 -37.840635999999996,144.691685 -37.840536,144.69178499999998 -37.840536,144.69178499999998 -37.840635999999996,144.691685 -37.840635999999996)))', 7844)),
(117, 'wadc4af85febd67', 'lga53026dafea91', 'Iramoo Ward', 'VIC', ST_GeomFromText('MULTIPOLYGON(((144.637335 -37.907604,144.63743499999998 -37.907604,144.63743499999998 -37.907703999999995,144.637335 -37.907703999999995,144.637335 -37.907604)),((144.6196 -37.897422999999996,144.6196 -37.897523,144.6195 -37.897523,144.6195 -37.897422999999996,144.6196 -37.897422999999996)),((144.584147 -37.890305999999995,144.584147 -37.890406,144.584047 -37.890406,144.584047 -37.890305999999995,144.584147 -37.890305999999995)))', 7844)),
(118, 'wadc4d2321c51cd', 'lga691f580f3258', 'Wattle Ward', 'VIC', ST_GeomFromText('MULTIPOLYGON(((145.067376 -37.966958999999996,145.067476 -37.966958999999996,145.067476 -37.967059,145.067376 -37.967059,145.067376 -37.966958999999996)),((145.055169 -37.956457,145.05526899999998 -37.956457,145.05526899999998 -37.956557,145.055169 -37.956557,145.055169 -37.956457)))', 7844)),
(119, 'wadc52b977fe913', 'lga1a08aa92f8c2', 'Southern Grampians Shire', 'VIC', ST_GeomFromText('MULTIPOLYGON(((142.01658899999998 -37.740006,142.01658899999998 -37.739906,142.01668899999999 -37.739906,142.01668899999999 -37.740006,142.01658899999998 -37.740006)))', 7844)),
(120, 'wadce0c3a80bf85', 'lgac69cfd288672', 'Pakenham Hills Ward', 'VIC', ST_GeomFromText('MULTIPOLYGON(((145.495911 -38.055734,145.495911 -38.055634,145.49601099999998 -38.055634,145.49601099999998 -38.055734,145.495911 -38.055734)))', 7844)),
(121, 'wadcfea20d05544', 'lgaacfaedf6a58f', 'Collier Ward', 'VIC', ST_GeomFromText('MULTIPOLYGON(((145.216908 -37.869937,145.217008 -37.869937,145.217008 -37.870036999999996,145.216908 -37.870036999999996,145.216908 -37.869937)),((145.229763 -37.854409,145.229763 -37.854509,145.229663 -37.854509,145.229663 -37.854409,145.229763 -37.854409)),((145.227271 -37.853570999999995,145.227271 -37.853671,145.227171 -37.853671,145.227171 -37.853570999999995,145.227271 -37.853570999999995)))', 7844)),
(122, 'wadCgMjDLgIjm3M', 'lga42b2fd54c1e9', 'Sugar Gum Ward', 'VIC', ST_GeomFromText('MULTIPOLYGON(((144.73447 -37.718664,144.73447 -37.718564,144.73457 -37.718564,144.73457 -37.718664,144.73447 -37.718664)))', 7844)),
(123, 'wadcV16ds_b6_8M', 'lgabff52ad8fdf9', 'Appin Ward', 'VIC', ST_GeomFromText('MULTIPOLYGON(((146.288085 -36.339701,146.288085 -36.339601,146.288185 -36.339601,146.288185 -36.339701,146.288085 -36.339701)))', 7844)),
(124, 'wadCWc1YCoAd-4T', 'lga9bd137c30d17', 'Bambra Ward', 'VIC', ST_GeomFromText('MULTIPOLYGON(((145.01505699999998 -37.891859,145.01505699999998 -37.891759,145.015157 -37.891759,145.015157 -37.891859,145.01505699999998 -37.891859)))', 7844)),
(125, 'wadCXsP0Ee7ou9B', 'lga42b2fd54c1e9', 'Jackwood Ward', 'VIC', ST_GeomFromText('MULTIPOLYGON(((144.713611 -37.693926999999995,144.713611 -37.693827,144.713711 -37.693827,144.713711 -37.693926999999995,144.713611 -37.693926999999995)))', 7844)),
(126, 'wadd0905f6cad1b', 'lga0450031d71ce', 'Simpson Ward', 'VIC', ST_GeomFromText('MULTIPOLYGON(((145.194496 -37.837689999999995,145.194496 -37.83759,145.194596 -37.83759,145.194596 -37.837689999999995,145.194496 -37.837689999999995)))', 7844)),
(127, 'wadd1bbf3e2721d', 'lga691f580f3258', 'Como Ward', 'VIC', ST_GeomFromText('MULTIPOLYGON(((145.066047 -37.986765999999996,145.066147 -37.986765999999996,145.066147 -37.986866,145.066047 -37.986866,145.066047 -37.986765999999996)),((145.06538899999998 -37.980978,145.06548899999999 -37.980978,145.06548899999999 -37.981078,145.06538899999998 -37.981078,145.06538899999998 -37.980978)))', 7844)),
(128, 'wadd2cf225a1e5c', 'lgac69cfd288672', 'Toomuc Ward', 'VIC', ST_GeomFromText('MULTIPOLYGON(((145.427111 -38.062981,145.427111 -38.062881,145.427211 -38.062881,145.427211 -38.062981,145.427111 -38.062981)))', 7844)),
(129, 'wadD3yldScPPI45', 'lga53026dafea91', 'Heathdale Ward', 'VIC', ST_GeomFromText('MULTIPOLYGON(((144.662451 -37.89777,144.662551 -37.89777,144.662551 -37.89787,144.662451 -37.89787,144.662451 -37.89777)),((144.665889 -37.886123999999995,144.665989 -37.886123999999995,144.665989 -37.886224,144.665889 -37.886224,144.665889 -37.886123999999995)))', 7844)),
(130, 'wadd44e8a9553ef', 'lga4d167b5c075b', 'Central Ward', 'VIC', ST_GeomFromText('MULTIPOLYGON(((147.06259599999998 -38.104306,147.062696 -38.104306,147.062696 -38.104406,147.06259599999998 -38.104406,147.06259599999998 -38.104306)),((147.059474 -38.10049,147.059574 -38.10049,147.059574 -38.10059,147.059474 -38.10059,147.059474 -38.10049)))', 7844)),
(131, 'wadd51102c6b3b7', 'lga5bfafb32b8d5', 'South Central Ward', 'VIC', ST_GeomFromText('MULTIPOLYGON(((145.012159 -37.763932,145.012159 -37.763832,145.012259 -37.763832,145.012259 -37.763932,145.012159 -37.763932)))', 7844)),
(132, 'wadd52b1e7fef89', 'lga5591321694d6', 'Griffin Ward', 'VIC', ST_GeomFromText('MULTIPOLYGON(((145.057289 -37.769357,145.057289 -37.769256999999996,145.057389 -37.769256999999996,145.057389 -37.769357,145.057289 -37.769357)))', 7844)),
(133, 'wadd7b39038802b', 'lga0930e8ebad68', 'Maling Ward', 'VIC', ST_GeomFromText('MULTIPOLYGON(((145.08371 -37.824183,145.08371 -37.824083,145.08381 -37.824083,145.08381 -37.824183,145.08371 -37.824183)))', 7844)),
(134, 'wadd9f02c005f7c', 'lga53f7b61b0ed6', 'Ivison Ward', 'VIC', ST_GeomFromText('MULTIPOLYGON(((145.03892199999999 -37.951411,145.039022 -37.951411,145.039022 -37.951510999999996,145.03892199999999 -37.951510999999996,145.03892199999999 -37.951411)),((145.035786 -37.945065,145.035886 -37.945065,145.035886 -37.945164999999996,145.035786 -37.945164999999996,145.035786 -37.945065)))', 7844)),
(135, 'waddc89uz_zLf_D', 'lga42b2fd54c1e9', 'Lake Caroline Ward', 'VIC', ST_GeomFromText('MULTIPOLYGON(((144.74119 -37.723546999999996,144.74129 -37.723546999999996,144.74129 -37.723647,144.74119 -37.723647,144.74119 -37.723546999999996)),((144.751614 -37.721593,144.751714 -37.721593,144.751714 -37.721692999999995,144.751614 -37.721692999999995,144.751614 -37.721593)))', 7844)),
(136, 'waddDVaCDsFNYe0', 'lgaf76bb579e827', 'Albanvale Ward', 'VIC', ST_GeomFromText('MULTIPOLYGON(((144.76384299999998 -37.735652,144.76384299999998 -37.735552,144.76394299999998 -37.735552,144.76394299999998 -37.735652,144.76384299999998 -37.735652)))', 7844)),
(137, 'wadde002fa6d7b0', 'lga77d96c3addfd', 'West Ward', 'VIC', ST_GeomFromText('MULTIPOLYGON(((145.765919 -38.110081,145.765919 -38.109981,145.766019 -38.109981,145.766019 -38.110081,145.765919 -38.110081)))', 7844)),
(138, 'waddL6bRNz6XgeX', 'lga69684c885dd2', 'Coolart Ward', 'VIC', ST_GeomFromText('MULTIPOLYGON(((144.97898999999998 -38.469550999999996,144.97908999999999 -38.469550999999996,144.97908999999999 -38.469651,144.97898999999998 -38.469651,144.97898999999998 -38.469550999999996)),((145.018432 -38.369046,145.018532 -38.369046,145.018532 -38.369146,145.018432 -38.369146,145.018432 -38.369046)))', 7844)),
(139, 'waddSLcadpqglEJ', 'lga292a6552ec8c', 'Gannawarra Shire', 'VIC', ST_GeomFromText('MULTIPOLYGON(((143.55428899999998 -35.909411,143.554389 -35.909411,143.554389 -35.909510999999995,143.55428899999998 -35.909510999999995,143.55428899999998 -35.909411)),((143.923437 -35.733174,143.92353699999998 -35.733174,143.92353699999998 -35.733274,143.923437 -35.733274,143.923437 -35.733174)))', 7844)),
(140, 'waddvaYKG49r0Rf', 'lgaf76bb579e827', 'St Albans East Ward', 'VIC', ST_GeomFromText('MULTIPOLYGON(((144.826526 -37.752272,144.826526 -37.752172,144.826626 -37.752172,144.826626 -37.752272,144.826526 -37.752272)))', 7844)),
(141, 'waddvQNFWtBq90t', 'lgaa0f71a56be3f', 'Thomastown Ward', 'VIC', ST_GeomFromText('MULTIPOLYGON(((145.032767 -37.682746,145.032767 -37.682646,145.03286699999998 -37.682646,145.03286699999998 -37.682746,145.032767 -37.682746)))', 7844)),
(142, 'wade277c1992c30', 'lga69684c885dd2', 'Briars Ward', 'VIC', ST_GeomFromText('MULTIPOLYGON(((145.043199 -38.248169,145.043199 -38.248069,145.043299 -38.248069,145.043299 -38.248169,145.043199 -38.248169)))', 7844)),
(143, 'wade54a601add90', 'lgafa7d75c94e0c', 'Wombolano Ward', 'VIC', ST_GeomFromText('MULTIPOLYGON(((145.259314 -37.824811,145.259314 -37.824711,145.259414 -37.824711,145.259414 -37.824811,145.259314 -37.824811)))', 7844)),
(144, 'wade57be90e56a3', 'lga4e7c0f04e5f4', 'Moira Shire', 'VIC', ST_GeomFromText('MULTIPOLYGON(((146.018451 -36.008109,146.018451 -36.008009,146.018551 -36.008009,146.018551 -36.008109,146.018451 -36.008109)))', 7844)),
(145, 'wade5ae1544c76a', 'lgaacfaedf6a58f', 'Dinsdale Ward', 'VIC', ST_GeomFromText('MULTIPOLYGON(((145.264375 -37.843381,145.264375 -37.843281,145.264475 -37.843281,145.264475 -37.843381,145.264375 -37.843381)))', 7844)),
(146, 'wade68903703ea0', 'lga5bfafb32b8d5', 'South West Ward', 'VIC', ST_GeomFromText('MULTIPOLYGON(((144.984234 -37.755196,144.984234 -37.755096,144.984334 -37.755096,144.984334 -37.755196,144.984234 -37.755196)))', 7844)),
(147, 'wade6b6cc7ad2db', 'lga5bfafb32b8d5', 'North Central Ward', 'VIC', ST_GeomFromText('MULTIPOLYGON(((145.023517 -37.727253999999995,145.023617 -37.727253999999995,145.023617 -37.727354,145.023517 -37.727354,145.023517 -37.727253999999995)),((145.017428 -37.725867,145.017428 -37.725967,145.017328 -37.725967,145.017328 -37.725867,145.017428 -37.725867)),((145.01967399999998 -37.720662,145.01967399999998 -37.720762,145.019574 -37.720762,145.019574 -37.720662,145.01967399999998 -37.720662)))', 7844)),
(148, 'wade92eddaadf67', 'lga0930e8ebad68', 'Junction Ward', 'VIC', ST_GeomFromText('MULTIPOLYGON(((145.060992 -37.822610999999995,145.060992 -37.822511,145.061092 -37.822511,145.061092 -37.822610999999995,145.060992 -37.822610999999995)))', 7844)),
(149, 'wade92fdb55483e', 'lgadbd419ff24e3', 'Walling Ward', 'VIC', ST_GeomFromText('MULTIPOLYGON(((145.309699 -37.807094,145.309699 -37.806993999999996,145.309799 -37.806993999999996,145.309799 -37.807094,145.309699 -37.807094)))', 7844)),
(150, 'wade95c83ee5bad', 'lga5c6d68bc8aa6', 'Indigo Shire', 'VIC', ST_GeomFromText('MULTIPOLYGON(((147.11763399999998 -36.365702,147.11763399999998 -36.365601999999996,147.11773399999998 -36.365601999999996,147.11773399999998 -36.365702,147.11763399999998 -36.365702)))', 7844)),
(151, 'wade9a60dcb613e', 'lgafa7d75c94e0c', 'Wonga Ward', 'VIC', ST_GeomFromText('MULTIPOLYGON(((145.23004899999998 -37.805372999999996,145.23004899999998 -37.805273,145.23014899999998 -37.805273,145.23014899999998 -37.805372999999996,145.23004899999998 -37.805372999999996)))', 7844)),
(152, 'wadeaa4b13b2374', 'lgaacfaedf6a58f', 'Tirhatuan Ward', 'VIC', ST_GeomFromText('MULTIPOLYGON(((145.231484 -37.919312,145.231584 -37.919312,145.231584 -37.919412,145.231484 -37.919412,145.231484 -37.919312)),((145.221721 -37.919157999999996,145.221721 -37.919258,145.221621 -37.919258,145.221621 -37.919157999999996,145.221721 -37.919157999999996)),((145.24744099999998 -37.905815,145.24744099999998 -37.905915,145.247341 -37.905915,145.247341 -37.905815,145.24744099999998 -37.905815)))', 7844)),
(153, 'wadef545fe30498', 'lgaacfaedf6a58f', 'Taylor Ward', 'VIC', ST_GeomFromText('MULTIPOLYGON(((145.24124 -37.937819,145.24124 -37.937719,145.24133999999998 -37.937719,145.24133999999998 -37.937819,145.24124 -37.937819)))', 7844)),
(154, 'wadeRHdijIY343D', 'lga891e1f62b45e', 'Quarters Ward', 'VIC', ST_GeomFromText('MULTIPOLYGON(((145.24935399999998 -38.113051999999996,145.24935399999998 -38.112952,145.249454 -38.112952,145.249454 -38.113051999999996,145.24935399999998 -38.113051999999996)))', 7844)),
(155, 'wad-_EZ61IArian', 'lgaf4d7671cd990', 'Campaspe Shire', 'VIC', ST_GeomFromText('MULTIPOLYGON(((144.479847 -36.312277,144.479847 -36.312377,144.479747 -36.312377,144.479747 -36.312277,144.479847 -36.312277)),((145.05306 -36.311384,145.05306 -36.311484,145.05295999999998 -36.311484,145.05295999999998 -36.311384,145.05306 -36.311384)),((144.55468399999998 -36.01108,144.55468399999998 -36.011179999999996,144.554584 -36.011179999999996,144.554584 -36.01108,144.55468399999998 -36.01108)),((144.484285 -35.979469,144.484285 -35.979569,144.484185 -35.979569,144.484185 -35.979469,144.484285 -35.979469)))', 7844)),
(156, 'wadf0f7e80f56a5', 'lga6f3147bcaaee', 'Benalla Rural City', 'VIC', ST_GeomFromText('MULTIPOLYGON(((145.99075299999998 -36.556982,145.990853 -36.556982,145.990853 -36.557082,145.99075299999998 -36.557082,145.99075299999998 -36.556982)),((145.975078 -36.555654,145.975178 -36.555654,145.975178 -36.555754,145.975078 -36.555754,145.975078 -36.555654)))', 7844)),
(157, 'wadf537fb66c529', 'lga5591321694d6', 'Bakewell Ward', 'VIC', ST_GeomFromText('MULTIPOLYGON(((145.082088 -37.710508,145.082088 -37.710408,145.082188 -37.710408,145.082188 -37.710508,145.082088 -37.710508)))', 7844)),
(158, 'wadf5b958023ee2', 'lga0061bf039442', 'Terrick Ward', 'VIC', ST_GeomFromText('MULTIPOLYGON(((144.246098 -35.940847,144.246098 -35.940747,144.246198 -35.940747,144.246198 -35.940847,144.246098 -35.940847)))', 7844)),
(159, 'wadfc81ecfdf52a', 'lga0930e8ebad68', 'Studley Ward', 'VIC', ST_GeomFromText('MULTIPOLYGON(((145.027776 -37.802928,145.027776 -37.802828,145.027876 -37.802828,145.027876 -37.802928,145.027776 -37.802928)))', 7844)),
(160, 'wadfccc777e477d', 'lgab65bc8ec7820', 'Yarraman Ward', 'VIC', ST_GeomFromText('MULTIPOLYGON(((145.181368 -37.958835,145.181368 -37.958735,145.181468 -37.958735,145.181468 -37.958835,145.181368 -37.958835)))', 7844)),
(161, 'wadfde0a79062c6', 'lgaacfaedf6a58f', 'Friberg Ward', 'VIC', ST_GeomFromText('MULTIPOLYGON(((145.256227 -37.899553999999995,145.256327 -37.899553999999995,145.256327 -37.899654,145.256227 -37.899654,145.256227 -37.899553999999995)),((145.242767 -37.892503,145.242767 -37.892603,145.24266699999998 -37.892603,145.24266699999998 -37.892503,145.242767 -37.892503)),((145.277191 -37.883286999999996,145.277191 -37.883387,145.27709099999998 -37.883387,145.27709099999998 -37.883286999999996,145.277191 -37.883286999999996)))', 7844)),
(162, 'wadfe04dd09ca94', 'lga744d9df35829', 'Mansfield Shire', 'VIC', ST_GeomFromText('MULTIPOLYGON(((146.012552 -37.069075,146.012552 -37.068975,146.012652 -37.068975,146.012652 -37.069075,146.012552 -37.069075)))', 7844)),
(163, 'wadFESQVKEsPDOS', 'lgaeb9321b0357b', 'Otway Range Ward', 'VIC', ST_GeomFromText('MULTIPOLYGON(((143.97231399999998 -38.534596,143.97231399999998 -38.534496,143.972414 -38.534496,143.972414 -38.534596,143.97231399999998 -38.534596)))', 7844)),
(164, 'wadFmg_w4Q0SKqU', 'lga575ae7e97596', 'Golden Square Ward', 'VIC', ST_GeomFromText('MULTIPOLYGON(((144.233815 -36.778974,144.233815 -36.778874,144.233915 -36.778874,144.233915 -36.778974,144.233815 -36.778974)))', 7844)),
(165, 'wadFruXXMk_cC01', 'lga575ae7e97596', 'Epsom Ward', 'VIC', ST_GeomFromText('MULTIPOLYGON(((144.28903499999998 -36.713055,144.28903499999998 -36.712955,144.289135 -36.712955,144.289135 -36.713055,144.28903499999998 -36.713055)))', 7844)),
(166, 'wadGcQBXlY6EXem', 'lgae1dcbacb8510', 'Orrong Ward', 'VIC', ST_GeomFromText('MULTIPOLYGON(((145.00196599999998 -37.8566,145.00196599999998 -37.8565,145.00206599999999 -37.8565,145.00206599999999 -37.8566,145.00196599999998 -37.8566)))', 7844)),
(167, 'wadGd1pnVhDLFHY', 'lga15c9c80d4be7', 'Mayfield Ward', 'VIC', ST_GeomFromText('MULTIPOLYGON(((145.098229 -37.883556999999996,145.098229 -37.883457,145.098329 -37.883457,145.098329 -37.883556999999996,145.098229 -37.883556999999996)))', 7844)),
(168, 'wadgHDLb4jS-cZL', 'lga227fb535494c', 'Cheetham Ward', 'VIC', ST_GeomFromText('MULTIPOLYGON(((144.374045 -38.167455,144.374045 -38.167355,144.374145 -38.167355,144.374145 -38.167455,144.374045 -38.167455)))', 7844)),
(169, 'wadGo-6IsXi2b_Q', 'lga4449559268d6', 'Hoddle Ward', 'VIC', ST_GeomFromText('MULTIPOLYGON(((144.987121 -37.805844,144.987121 -37.805744,144.987221 -37.805744,144.987221 -37.805844,144.987121 -37.805844)))', 7844)),
(170, 'wadGqfgKOwrYnpj', 'lga79b8fe15ee4f', 'Lake Hume Ward', 'VIC', ST_GeomFromText('MULTIPOLYGON(((146.905088 -36.131695,146.90518799999998 -36.131695,146.90518799999998 -36.131795,146.905088 -36.131795,146.905088 -36.131695)),((146.89484299999998 -36.126126,146.89494299999998 -36.126126,146.89494299999998 -36.126225999999996,146.89484299999998 -36.126225999999996,146.89484299999998 -36.126126)))', 7844)),
(171, 'wadgRo9qUAhAfJZ', 'lga4449559268d6', 'Boulevard Ward', 'VIC', ST_GeomFromText('MULTIPOLYGON(((145.014099 -37.811809,145.014099 -37.811709,145.014199 -37.811709,145.014199 -37.811809,145.014099 -37.811809)))', 7844)),
(172, 'wadGRxTsj9GscKr', 'lgae1dcbacb8510', 'Malvern Valley Ward', 'VIC', ST_GeomFromText('MULTIPOLYGON(((145.080566 -37.887631999999996,145.08066599999998 -37.887631999999996,145.08066599999998 -37.887732,145.080566 -37.887732,145.080566 -37.887631999999996)),((145.047437 -37.875992,145.047537 -37.875992,145.047537 -37.876092,145.047437 -37.876092,145.047437 -37.875992)))', 7844)),
(173, 'wadGYBvJj6CPTEz', 'lga8751f70e5df3', 'Grampians Ward', 'VIC', ST_GeomFromText('MULTIPOLYGON(((142.85434 -37.150386,142.85434 -37.150286,142.85443999999998 -37.150286,142.85443999999998 -37.150386,142.85434 -37.150386)))', 7844)),
(174, 'wadh3mUkNZii3d4', 'lga2513fbdd7033', 'Burndap Ward', 'VIC', ST_GeomFromText('MULTIPOLYGON(((144.888946 -37.795259,144.888946 -37.795159,144.889046 -37.795159,144.889046 -37.795259,144.888946 -37.795259)))', 7844)),
(175, 'wadHD-xGynvazEU', 'lga227fb535494c', 'Connewarre Ward', 'VIC', ST_GeomFromText('MULTIPOLYGON(((144.516693 -38.269757,144.516693 -38.269857,144.516593 -38.269857,144.516593 -38.269757,144.516693 -38.269757)),((144.544446 -38.269374,144.544446 -38.269473999999995,144.544346 -38.269473999999995,144.544346 -38.269374,144.544446 -38.269374)),((144.490313 -38.266408999999996,144.490313 -38.266509,144.49021299999998 -38.266509,144.49021299999998 -38.266408999999996,144.490313 -38.266408999999996)),((144.55471599999998 -38.261476,144.55471599999998 -38.261576,144.55461599999998 -38.261576,144.55461599999998 -38.261476,144.55471599999998 -38.261476)))', 7844)),
(176, 'wadHld8m0wD7Ey9', 'lga3476c1d9fd7f', 'Roxburgh Park Ward', 'VIC', ST_GeomFromText('MULTIPOLYGON(((144.934101 -37.633033999999995,144.934101 -37.632934,144.934201 -37.632934,144.934201 -37.633033999999995,144.934101 -37.633033999999995)))', 7844)),
(177, 'wadhxD2G_0oKCn0', 'lgadd7fe82edc77', 'Pines Ward', 'VIC', ST_GeomFromText('MULTIPOLYGON(((145.147821 -38.122265999999996,145.147821 -38.122166,145.147921 -38.122166,145.147921 -38.122265999999996,145.147821 -38.122265999999996)))', 7844)),
(178, 'wadHydqxaWDBatM', 'lga15c9c80d4be7', 'Wellington Ward', 'VIC', ST_GeomFromText('MULTIPOLYGON(((145.17617199999998 -37.92772,145.17617199999998 -37.92762,145.17627199999998 -37.92762,145.17627199999998 -37.92772,145.17617199999998 -37.92772)))', 7844)),
(179, 'wadhYtowwOuh5RV', 'lga227fb535494c', 'Hamlyn Heights Ward', 'VIC', ST_GeomFromText('MULTIPOLYGON(((144.320561 -38.126781,144.320561 -38.126681,144.320661 -38.126681,144.320661 -38.126781,144.320561 -38.126781)))', 7844)),
(180, 'wadHZjhNG7ogmhe', 'lga79b8fe15ee4f', 'Huon Creek Ward', 'VIC', ST_GeomFromText('MULTIPOLYGON(((146.86119499999998 -36.136454,146.86119499999998 -36.136354,146.86129499999998 -36.136354,146.86129499999998 -36.136454,146.86119499999998 -36.136454)))', 7844)),
(181, 'wadih37tODrdjSK', 'lga575ae7e97596', 'Axedale Ward', 'VIC', ST_GeomFromText('MULTIPOLYGON(((144.336229 -36.793679999999995,144.336329 -36.793679999999995,144.336329 -36.79378,144.336229 -36.79378,144.336229 -36.793679999999995)),((144.770673 -36.762042,144.770773 -36.762042,144.770773 -36.762142,144.770673 -36.762142,144.770673 -36.762042)))', 7844)),
(182, 'wadi_iIuZAP6zAv', 'lga5e8f0b6a35b1', 'Loy Yang Ward', 'VIC', ST_GeomFromText('MULTIPOLYGON(((146.565272 -38.199503,146.565272 -38.199403,146.565372 -38.199403,146.565372 -38.199503,146.565272 -38.199503)))', 7844)),
(183, 'wadIisBVS3hc3vA', 'lga53026dafea91', 'Featherbrook Ward', 'VIC', ST_GeomFromText('MULTIPOLYGON(((144.730278 -37.908042,144.730378 -37.908042,144.730378 -37.908142,144.730278 -37.908142,144.730278 -37.908042)),((144.75300199999998 -37.898937,144.75310199999998 -37.898937,144.75310199999998 -37.899037,144.75300199999998 -37.899037,144.75300199999998 -37.898937)))', 7844)),
(184, 'wadILqLGXlIxqFo', 'lga1a793093877f', 'Balaclava Ward', 'VIC', ST_GeomFromText('MULTIPOLYGON(((145.418738 -36.366067,145.418838 -36.366067,145.418838 -36.366167,145.418738 -36.366167,145.418738 -36.366067)),((145.40720199999998 -36.359932,145.407302 -36.359932,145.407302 -36.360032,145.40720199999998 -36.360032,145.40720199999998 -36.359932)))', 7844)),
(185, 'wadizrg5wm7Ua-1', 'lga638d2708b9ab', 'Queens Park Ward', 'VIC', ST_GeomFromText('MULTIPOLYGON(((144.92843299999998 -37.758876,144.92843299999998 -37.758776,144.928533 -37.758776,144.928533 -37.758876,144.92843299999998 -37.758876)))', 7844)),
(186, 'wadj89dtxG4ZPmY', 'lga9bd137c30d17', 'Moorleigh Ward', 'VIC', ST_GeomFromText('MULTIPOLYGON(((145.050301 -37.925765,145.050301 -37.925664999999995,145.050401 -37.925664999999995,145.050401 -37.925765,145.050301 -37.925765)))', 7844)),
(187, 'wadjEGl4Fy-94ge', 'lgaf76bb579e827', 'Cherry Creek Ward', 'VIC', ST_GeomFromText('MULTIPOLYGON(((144.789381 -37.791593999999996,144.789381 -37.791494,144.789481 -37.791494,144.789481 -37.791593999999996,144.789381 -37.791593999999996)))', 7844)),
(188, 'wadJuReK-oSjcph', 'lga4449559268d6', 'Mackillop Ward', 'VIC', ST_GeomFromText('MULTIPOLYGON(((144.981754 -37.802788,144.981754 -37.802687999999996,144.981854 -37.802687999999996,144.981854 -37.802788,144.981754 -37.802788)))', 7844)),
(189, 'wadK-IbQ32f8QSj', 'lgaf76bb579e827', 'Copernicus Ward', 'VIC', ST_GeomFromText('MULTIPOLYGON(((144.779698 -37.706782,144.779698 -37.706682,144.779798 -37.706682,144.779798 -37.706782,144.779698 -37.706782)))', 7844)),
(190, 'wadLf4uPgHBqUsk', 'lga5e8f0b6a35b1', 'Morwell River Ward', 'VIC', ST_GeomFromText('MULTIPOLYGON(((146.347234 -38.304435,146.347334 -38.304435,146.347334 -38.304535,146.347234 -38.304535,146.347234 -38.304435)),((146.44349 -38.239422,146.44359 -38.239422,146.44359 -38.239522,146.44349 -38.239522,146.44349 -38.239422)))', 7844)),
(191, 'wadlgX-ru5ZxVr3', 'lga224186279c28', 'Altona North Ward', 'VIC', ST_GeomFromText('MULTIPOLYGON(((144.835536 -37.83092,144.835536 -37.830819999999996,144.835636 -37.830819999999996,144.835636 -37.83092,144.835536 -37.83092)))', 7844)),
(192, 'wadlMZ140e5e2tn', 'lgaJ2LPN2y4pll0', 'Warrk-Warrk Ward', 'VIC', ST_GeomFromText('MULTIPOLYGON(((144.97522 -37.774344,144.97531999999998 -37.774344,144.97531999999998 -37.774443999999995,144.97522 -37.774443999999995,144.97522 -37.774344)),((144.973026 -37.764914,144.97312599999998 -37.764914,144.97312599999998 -37.765014,144.973026 -37.765014,144.973026 -37.764914)))', 7844)),
(193, 'wadLMZRg2myfctY', 'lgaJ2LPN2y4pll0', 'Brunswick West Ward', 'VIC', ST_GeomFromText('MULTIPOLYGON(((144.945599 -37.764015,144.945699 -37.764015,144.945699 -37.764115,144.945599 -37.764115,144.945599 -37.764015)),((144.936992 -37.759654,144.937092 -37.759654,144.937092 -37.759754,144.936992 -37.759754,144.936992 -37.759654)))', 7844)),
(194, 'wadM6fFaXdiVDBj', 'lga224186279c28', 'Laverton Ward', 'VIC', ST_GeomFromText('MULTIPOLYGON(((144.78536 -37.870644,144.78546 -37.870644,144.78546 -37.870743999999995,144.78536 -37.870743999999995,144.78536 -37.870644)),((144.767046 -37.860901,144.767046 -37.861001,144.766946 -37.861001,144.766946 -37.860901,144.767046 -37.860901)),((144.772294 -37.860600999999996,144.772294 -37.860701,144.77219399999998 -37.860701,144.77219399999998 -37.860600999999996,144.772294 -37.860600999999996)))', 7844)),
(195, 'wadMEHdC-S5s8qs', 'lgaJ2LPN2y4pll0', 'Pascoe Vale South Ward', 'VIC', ST_GeomFromText('MULTIPOLYGON(((144.926376 -37.730456,144.926376 -37.730356,144.92647599999998 -37.730356,144.92647599999998 -37.730456,144.926376 -37.730456)))', 7844)),
(196, 'wadmhDGM7qm9bdA', 'lga3476c1d9fd7f', 'Woodlands Ward', 'VIC', ST_GeomFromText('MULTIPOLYGON(((144.873032 -37.640737,144.873032 -37.640637,144.873132 -37.640637,144.873132 -37.640737,144.873032 -37.640737)))', 7844)),
(197, 'wadmMQ3EW_HJnq2', 'lgaa0f71a56be3f', 'South Morang Ward', 'VIC', ST_GeomFromText('MULTIPOLYGON(((145.085738 -37.647915,145.085738 -37.647815,145.085838 -37.647815,145.085838 -37.647915,145.085738 -37.647915)))', 7844)),
(198, 'wadNQf3aLZQ6qje', 'lgabff52ad8fdf9', 'Ovens Ward', 'VIC', ST_GeomFromText('MULTIPOLYGON(((146.578838 -36.420637,146.578938 -36.420637,146.578938 -36.420736999999995,146.578838 -36.420736999999995,146.578838 -36.420637)),((146.26161399999998 -36.289874,146.26171399999998 -36.289874,146.26171399999998 -36.289974,146.26161399999998 -36.289974,146.26161399999998 -36.289874)))', 7844)),
(199, 'wadNV0rYNZ9D2Q2', 'lga69684c885dd2', 'Warringine Ward', 'VIC', ST_GeomFromText('MULTIPOLYGON(((145.18948699999999 -38.315472,145.18948699999999 -38.315371999999996,145.189587 -38.315371999999996,145.189587 -38.315472,145.18948699999999 -38.315472)))', 7844)),
(200, 'wado4SJap0btdNC', 'lga7831afcaf1e2', 'Strathbogie Shire', 'VIC', ST_GeomFromText('MULTIPOLYGON(((145.15535599999998 -36.781358,145.155456 -36.781358,145.155456 -36.781458,145.15535599999998 -36.781458,145.15535599999998 -36.781358)),((145.577043 -36.755252999999996,145.577043 -36.755353,145.576943 -36.755353,145.576943 -36.755252999999996,145.577043 -36.755252999999996)),((145.16893299999998 -36.751813,145.16893299999998 -36.751913,145.168833 -36.751913,145.168833 -36.751813,145.16893299999998 -36.751813)))', 7844)),
(201, 'wadogU04oDrKKlP', 'lgadd7fe82edc77', 'Lyrebird Ward', 'VIC', ST_GeomFromText('MULTIPOLYGON(((145.183547 -38.088421,145.183547 -38.088321,145.18364699999998 -38.088321,145.18364699999998 -38.088421,145.183547 -38.088421)))', 7844)),
(202, 'wadOmZ549iHV4Uv', 'lga3476c1d9fd7f', 'Bababi Marning Ward', 'VIC', ST_GeomFromText('MULTIPOLYGON(((144.925426 -37.657897,144.925526 -37.657897,144.925526 -37.657997,144.925426 -37.657997,144.925426 -37.657897)),((144.924737 -37.649698,144.924837 -37.649698,144.924837 -37.649798,144.924737 -37.649798,144.924737 -37.649698)))', 7844)),
(203, 'wadOnh5Z0A-KLO_', 'lga638d2708b9ab', 'Fairbairn Ward', 'VIC', ST_GeomFromText('MULTIPOLYGON(((144.910055 -37.778665,144.910055 -37.778565,144.910155 -37.778565,144.910155 -37.778665,144.910055 -37.778665)))', 7844)),
(204, 'wad_oTYg07BQp9J', 'lgad68479123642', 'Alma Ward', 'VIC', ST_GeomFromText('MULTIPOLYGON(((145.004991 -37.866645,145.004991 -37.866544999999995,145.005091 -37.866544999999995,145.005091 -37.866645,145.004991 -37.866645)))', 7844)),
(205, 'wadpmAbgHWmCICe', 'lga69684c885dd2', 'Brokil Ward', 'VIC', ST_GeomFromText('MULTIPOLYGON(((144.96905999999998 -38.336318999999996,144.96905999999998 -38.336219,144.96916 -38.336219,144.96916 -38.336318999999996,144.96905999999998 -38.336318999999996)))', 7844)),
(206, 'wadPNCbSgrRhSFB', 'lga69684c885dd2', 'Tootgarook Ward', 'VIC', ST_GeomFromText('MULTIPOLYGON(((144.880565 -38.370246,144.880565 -38.370146,144.880665 -38.370146,144.880665 -38.370246,144.880565 -38.370246)))', 7844)),
(207, 'wadPTVq9llNpN_1', 'lgaa0f71a56be3f', 'Ganbu Gulinj Ward', 'VIC', ST_GeomFromText('MULTIPOLYGON(((144.998022 -37.613898999999996,144.998022 -37.613799,144.998122 -37.613799,144.998122 -37.613898999999996,144.998022 -37.613898999999996)))', 7844)),
(208, 'wadQ7y0_YB6rXPF', 'lgaa0f71a56be3f', 'Epping Ward', 'VIC', ST_GeomFromText('MULTIPOLYGON(((145.052642 -37.640709,145.052742 -37.640709,145.052742 -37.640809,145.052642 -37.640809,145.052642 -37.640709)),((145.064269 -37.637029,145.064269 -37.637129,145.064169 -37.637129,145.064169 -37.637029,145.064269 -37.637029)),((145.004886 -37.636786,145.004886 -37.636886,145.004786 -37.636886,145.004786 -37.636786,145.004886 -37.636786)))', 7844)),
(209, 'wadqSoXat8DB55S', 'lga9bd137c30d17', 'Wattle Grove Ward', 'VIC', ST_GeomFromText('MULTIPOLYGON(((145.05016899999998 -37.909199,145.05016899999998 -37.909099,145.050269 -37.909099,145.050269 -37.909199,145.05016899999998 -37.909199)))', 7844)),
(210, 'wadrGvBnbNGNRGd', 'lgada11866a4071', 'Hopkins River Ward', 'VIC', ST_GeomFromText('MULTIPOLYGON(((142.517934 -38.376366,142.517934 -38.376266,142.518034 -38.376266,142.518034 -38.376366,142.517934 -38.376366)))', 7844)),
(211, 'wadSdQj5ZcEpUYw', 'lgae1dcbacb8510', 'Como Ward', 'VIC', ST_GeomFromText('MULTIPOLYGON(((144.997055 -37.838981,144.997155 -37.838981,144.997155 -37.839081,144.997055 -37.839081,144.997055 -37.838981)),((144.997357 -37.836796,144.997457 -37.836796,144.997457 -37.836895999999996,144.997357 -37.836895999999996,144.997357 -37.836796)))', 7844)),
(212, 'wadt47MKKQlcBwn', 'lga5e8f0b6a35b1', 'Boola Boola Ward', 'VIC', ST_GeomFromText('MULTIPOLYGON(((146.56646999999998 -38.191387999999996,146.56656999999998 -38.191387999999996,146.56656999999998 -38.191488,146.56646999999998 -38.191488,146.56646999999998 -38.191387999999996)),((146.54468699999998 -38.181754,146.54478699999999 -38.181754,146.54478699999999 -38.181854,146.54468699999998 -38.181854,146.54468699999998 -38.181754)))', 7844)),
(213, 'wadt6eKiNyxBWf9', 'lgab70a9914e5bc', 'Alfredton Ward', 'VIC', ST_GeomFromText('MULTIPOLYGON(((143.78364 -37.549726,143.78364 -37.549625999999996,143.78374 -37.549625999999996,143.78374 -37.549726,143.78364 -37.549726)))', 7844)),
(214, 'wadt8bYJfCSBAB1', 'lga42b2fd54c1e9', 'Stringybark Ward', 'VIC', ST_GeomFromText('MULTIPOLYGON(((144.582435 -37.655772999999996,144.582435 -37.655673,144.582535 -37.655673,144.582535 -37.655772999999996,144.582435 -37.655772999999996)))', 7844)),
(215, 'wadTbedye7mfV-b', 'lgae1dcbacb8510', 'Wattletree Ward', 'VIC', ST_GeomFromText('MULTIPOLYGON(((145.04058799999999 -37.860042,145.040688 -37.860042,145.040688 -37.860141999999996,145.04058799999999 -37.860141999999996,145.04058799999999 -37.860042)),((145.029045 -37.859777,145.029145 -37.859777,145.029145 -37.859877,145.029045 -37.859877,145.029045 -37.859777)))', 7844)),
(216, 'wadtcIDtIUnPw_G', 'lga2513fbdd7033', 'Bluestone Ward', 'VIC', ST_GeomFromText('MULTIPOLYGON(((144.88181799999998 -37.790869,144.88181799999998 -37.790769,144.88191799999998 -37.790769,144.88191799999998 -37.790869,144.88181799999998 -37.790869)))', 7844)),
(217, 'wadTfHiT64vDmQ1', 'lga15c9c80d4be7', 'Gardiners Creek Ward', 'VIC', ST_GeomFromText('MULTIPOLYGON(((145.09778 -37.872515,145.09788 -37.872515,145.09788 -37.872614999999996,145.09778 -37.872614999999996,145.09778 -37.872515)),((145.10396599999999 -37.868105,145.10396599999999 -37.868204999999996,145.10386599999998 -37.868204999999996,145.10386599999998 -37.868105,145.10396599999999 -37.868105)),((145.107303 -37.859248,145.107303 -37.859348,145.107203 -37.859348,145.107203 -37.859248,145.107303 -37.859248)))', 7844)),
(218, 'wad_Tj6_svm1UbT', 'lga891e1f62b45e', 'Tooradin Ward', 'VIC', ST_GeomFromText('MULTIPOLYGON(((145.300656 -38.119327,145.300656 -38.119226999999995,145.300756 -38.119226999999995,145.300756 -38.119327,145.300656 -38.119327)))', 7844)),
(219, 'wadtyGwzL6YJLXL', 'lga5e8f0b6a35b1', 'Jeeralang Ward', 'VIC', ST_GeomFromText('MULTIPOLYGON(((146.522244 -38.208953,146.522344 -38.208953,146.522344 -38.209053,146.522244 -38.209053,146.522244 -38.208953)),((146.506622 -38.199335,146.506722 -38.199335,146.506722 -38.199435,146.506622 -38.199435,146.506622 -38.199335)))', 7844)),
(220, 'wadUipm-KKhjrfJ', 'lga9bd137c30d17', 'Murrumbeena Ward', 'VIC', ST_GeomFromText('MULTIPOLYGON(((145.06364399999998 -37.897177,145.06364399999998 -37.897076999999996,145.06374399999999 -37.897076999999996,145.06374399999999 -37.897177,145.06364399999998 -37.897177)))', 7844)),
(221, 'wadUUqYuS9FIlUf', 'lga3476c1d9fd7f', 'Tullamarine Ward', 'VIC', ST_GeomFromText('MULTIPOLYGON(((144.878986 -37.694165,144.878986 -37.694064999999995,144.879086 -37.694064999999995,144.879086 -37.694165,144.878986 -37.694165)))', 7844)),
(222, 'wadVD09aRdeVUF4', 'lga3476c1d9fd7f', 'Yubup Ward', 'VIC', ST_GeomFromText('MULTIPOLYGON(((144.903933 -37.541579,144.904033 -37.541579,144.904033 -37.541678999999995,144.903933 -37.541678999999995,144.903933 -37.541579)),((144.940858 -37.530954,144.940958 -37.530954,144.940958 -37.531054,144.940858 -37.531054,144.940858 -37.530954)))', 7844)),
(223, 'wadWaFpW6GZfIhW', 'lgaJ2LPN2y4pll0', 'Bababi Djinanang Ward', 'VIC', ST_GeomFromText('MULTIPOLYGON(((144.965868 -37.696121,144.965868 -37.696021,144.965968 -37.696021,144.965968 -37.696121,144.965868 -37.696121)))', 7844)),
(224, 'wadWc0RZDpevyBq', 'lga227fb535494c', 'Deakin Ward', 'VIC', ST_GeomFromText('MULTIPOLYGON(((144.327135 -38.225539999999995,144.327135 -38.22544,144.327235 -38.22544,144.327235 -38.225539999999995,144.327135 -38.225539999999995)))', 7844)),
(225, 'wadwhtAgHxBhzif', 'lgaf76bb579e827', 'Kororoit Creek Ward', 'VIC', ST_GeomFromText('MULTIPOLYGON(((144.809416 -37.792102,144.809416 -37.792002,144.809516 -37.792002,144.809516 -37.792102,144.809416 -37.792102)))', 7844)),
(226, 'wadwJvF9vhtyZGS', 'lga79b8fe15ee4f', 'Barnawartha North Ward', 'VIC', ST_GeomFromText('MULTIPOLYGON(((146.84230499999998 -36.126823,146.84230499999998 -36.126722,146.84240499999999 -36.126722,146.84240499999999 -36.126823,146.84230499999998 -36.126823)))', 7844)),
(227, 'wadWxWdJFaA5OC5', 'lgaee4000c6a5c1', 'Sunset Country Ward', 'VIC', ST_GeomFromText('MULTIPOLYGON(((142.14412199999998 -34.233407,142.14412199999998 -34.233306999999996,142.14422199999998 -34.233306999999996,142.14422199999998 -34.233407,142.14412199999998 -34.233407)))', 7844)),
(228, 'wadwzZNpXX3lEX6', 'lgaJ2LPN2y4pll0', 'Pentridge Ward', 'VIC', ST_GeomFromText('MULTIPOLYGON(((144.96909 -37.753555,144.96909 -37.753454999999995,144.96919 -37.753454999999995,144.96919 -37.753555,144.96909 -37.753555)))', 7844)),
(229, 'wadx14J8-Nlx3Wq', 'lgaf76bb579e827', 'Mount Derrimut Ward', 'VIC', ST_GeomFromText('MULTIPOLYGON(((144.764122 -37.777653,144.764222 -37.777653,144.764222 -37.777753,144.764122 -37.777753,144.764122 -37.777653)),((144.760548 -37.769324999999995,144.760648 -37.769324999999995,144.760648 -37.769425,144.760548 -37.769425,144.760548 -37.769324999999995)))', 7844)),
(230, 'wadXdFA1Wq5yoqK', 'lgae1dcbacb8510', 'Tooronga Ward', 'VIC', ST_GeomFromText('MULTIPOLYGON(((145.052864 -37.856741,145.052964 -37.856741,145.052964 -37.856840999999996,145.052864 -37.856840999999996,145.052864 -37.856741)),((145.034205 -37.855106,145.034205 -37.855205999999995,145.03410499999998 -37.855205999999995,145.03410499999998 -37.855106,145.034205 -37.855106)),((145.045286 -37.853711,145.045286 -37.853811,145.045186 -37.853811,145.045186 -37.853711,145.045286 -37.853711)))', 7844)),
(231, 'wadxDRroDC4syra', 'lga79b8fe15ee4f', 'Marimba Park Ward', 'VIC', ST_GeomFromText('MULTIPOLYGON(((146.859252 -36.116755,146.859252 -36.116655,146.859352 -36.116655,146.859352 -36.116755,146.859252 -36.116755)))', 7844)),
(232, 'wadXsV2_er3gqTy', 'lga3476c1d9fd7f', 'Merlynston Creek Ward', 'VIC', ST_GeomFromText('MULTIPOLYGON(((144.92755499999998 -37.691599,144.92755499999998 -37.691699,144.92745499999998 -37.691699,144.92745499999998 -37.691599,144.92755499999998 -37.691599)),((144.933879 -37.688612,144.933879 -37.688711999999995,144.933779 -37.688711999999995,144.933779 -37.688612,144.933879 -37.688612)),((144.932381 -37.687839,144.932381 -37.687939,144.932281 -37.687939,144.932281 -37.687839,144.932381 -37.687839)),((144.919388 -37.684208999999996,144.919388 -37.684309,144.919288 -37.684309,144.919288 -37.684208999999996,144.919388 -37.684208999999996)))', 7844)),
(233, 'wadxupXdB4SFZlj', 'lgab70a9914e5bc', 'Delacombe Ward', 'VIC', ST_GeomFromText('MULTIPOLYGON(((143.80028 -37.580254,143.80038 -37.580254,143.80038 -37.580354,143.80028 -37.580354,143.80028 -37.580254)),((143.79010599999998 -37.57342,143.79020599999998 -37.57342,143.79020599999998 -37.573519999999995,143.79010599999998 -37.573519999999995,143.79010599999998 -37.57342)))', 7844)),
(234, 'wadXxYaTgrTcF_X', 'lga227fb535494c', 'Corio Ward', 'VIC', ST_GeomFromText('MULTIPOLYGON(((144.343552 -38.082898,144.343552 -38.082798,144.343652 -38.082798,144.343652 -38.082898,144.343552 -38.082898)))', 7844)),
(235, 'wady8yCvqkB58YX', 'lga2513fbdd7033', 'Sheoak Ward', 'VIC', ST_GeomFromText('MULTIPOLYGON(((144.902548 -37.798930999999996,144.902548 -37.798831,144.902648 -37.798831,144.902648 -37.798930999999996,144.902548 -37.798930999999996)))', 7844)),
(236, 'wadyBOUDailkzZ2', 'lgad68479123642', 'South Melbourne Ward', 'VIC', ST_GeomFromText('MULTIPOLYGON(((144.967307 -37.83659,144.967207 -37.83659,144.967207 -37.83649,144.967307 -37.83649,144.967307 -37.83659)),((144.96726999999998 -37.836273999999996,144.96716999999998 -37.836273999999996,144.96716999999998 -37.836174,144.96726999999998 -37.836174,144.96726999999998 -37.836273999999996)),((144.973751 -37.835843,144.973651 -37.835843,144.973651 -37.835743,144.973751 -37.835743,144.973751 -37.835843)),((144.974766 -37.835550999999995,144.97466599999998 -37.835550999999995,144.97466599999998 -37.835451,144.974766 -37.835451,144.974766 -37.835550999999995)),((144.97117 -37.831852,144.97107 -37.831852,144.97107 -37.831752,144.97117 -37.831752,144.97117 -37.831852)),((144.971002 -37.831117,144.970902 -37.831117,144.970902 -37.831016999999996,144.971002 -37.831016999999996,144.971002 -37.831117)))', 7844)),
(237, 'wadYcbqjXzvzeHZ', 'lgadd7fe82edc77', 'Kananook Ward', 'VIC', ST_GeomFromText('MULTIPOLYGON(((145.131973 -38.131214,145.131973 -38.131114,145.132073 -38.131114,145.132073 -38.131214,145.131973 -38.131214)))', 7844)),
(238, 'wadYHMzEdr6_gD1', 'lga4eb6e129e4f4', 'Moorabool Shire', 'VIC', ST_GeomFromText('MULTIPOLYGON(((144.430113 -37.686419,144.43021299999998 -37.686419,144.43021299999998 -37.686519,144.430113 -37.686519,144.430113 -37.686419)),((144.418765 -37.673635999999995,144.41886499999998 -37.673635999999995,144.41886499999998 -37.673736,144.418765 -37.673736,144.418765 -37.673635999999995)))', 7844)),
(239, 'wadyjJCxzyN4pyg', 'lgab70a9914e5bc', 'Golden Point Ward', 'VIC', ST_GeomFromText('MULTIPOLYGON(((143.837359 -37.58339,143.837359 -37.58329,143.837459 -37.58329,143.837459 -37.58339,143.837359 -37.58339)))', 7844)),
(240, 'wadYMFosQIy2siY', 'lga575ae7e97596', 'Lake Weeroona Ward', 'VIC', ST_GeomFromText('MULTIPOLYGON(((144.28533099999999 -36.750631999999996,144.285431 -36.750631999999996,144.285431 -36.750732,144.28533099999999 -36.750732,144.28533099999999 -36.750631999999996)),((144.279446 -36.745413,144.279446 -36.745512999999995,144.279346 -36.745512999999995,144.279346 -36.745413,144.279446 -36.745413)),((144.307909 -36.741530999999995,144.307909 -36.741631,144.307809 -36.741631,144.307809 -36.741530999999995,144.307909 -36.741530999999995)))', 7844)),
(241, 'wad-Zifaq6Gq01M', 'lga891e1f62b45e', 'Casuarina Ward', 'VIC', ST_GeomFromText('MULTIPOLYGON(((145.289938 -38.039733,145.289938 -38.039632999999995,145.29003799999998 -38.039632999999995,145.29003799999998 -38.039733,145.289938 -38.039733)))', 7844)),
(242, 'wadzmgLpWoSfrcA', 'lga891e1f62b45e', 'Waratah Ward', 'VIC', ST_GeomFromText('MULTIPOLYGON(((145.273548 -38.019296,145.27364799999998 -38.019296,145.27364799999998 -38.019396,145.273548 -38.019396,145.273548 -38.019296)),((145.26108499999998 -37.997423,145.26118499999998 -37.997423,145.26118499999998 -37.997523,145.26108499999998 -37.997523,145.26108499999998 -37.997423)))', 7844)),
(243, 'wadzqyNP4wsaqEj', 'lga227fb535494c', 'Murradoc Ward', 'VIC', ST_GeomFromText('MULTIPOLYGON(((144.712934 -38.183464,144.713034 -38.183464,144.713034 -38.183564,144.712934 -38.183564,144.712934 -38.183464)),((144.70927 -38.136907,144.70927 -38.137007,144.70917 -38.137007,144.70917 -38.136907,144.70927 -38.136907)),((144.641212 -38.111340999999996,144.641212 -38.111441,144.641112 -38.111441,144.641112 -38.111340999999996,144.641212 -38.111340999999996)))', 7844)),
(244, 'wadzWnDzRGqmtuN', 'lga227fb535494c', 'You Yangs Ward', 'VIC', ST_GeomFromText('MULTIPOLYGON(((144.40043799999998 -38.033471,144.40053799999998 -38.033471,144.40053799999998 -38.033570999999995,144.40043799999998 -38.033570999999995,144.40043799999998 -38.033471)),((144.42539499999998 -38.030183,144.42539499999998 -38.030283,144.425295 -38.030283,144.425295 -38.030183,144.42539499999998 -38.030183)),((144.362214 -38.017313,144.362214 -38.017413,144.362114 -38.017413,144.362114 -38.017313,144.362214 -38.017313)))', 7844));
CREATE TABLE IF NOT EXISTS raw_admin_bdys_202602.aus_state_electoral_class_aut (code text PRIMARY KEY, name text NOT NULL);
INSERT INTO raw_admin_bdys_202602.aus_state_electoral_class_aut (code, name) VALUES ('1', 'Legislative Assembly (Lower House)'), ('3', 'Legislative Council (Upper House)');
CREATE TABLE IF NOT EXISTS raw_admin_bdys_202602.aus_state_electoral (se_pid text PRIMARY KEY, name text NOT NULL, dt_gazetd text, eff_start timestamp DEFAULT now(), eff_end timestamp DEFAULT NULL, secl_code text NOT NULL, state_pid text NOT NULL);
INSERT INTO raw_admin_bdys_202602.aus_state_electoral (se_pid, name, secl_code, state_pid) VALUES
('VIC304', 'KEW', '1', 'STE-VIC'),
('VIC305', 'KOROROIT', '1', 'STE-VIC'),
('VIC306', 'LARA', '1', 'STE-VIC'),
('VIC307', 'LAVERTON', '1', 'STE-VIC'),
('VIC308', 'LOWAN', '1', 'STE-VIC'),
('VIC309', 'MACEDON', '1', 'STE-VIC'),
('VIC310', 'MALVERN', '1', 'STE-VIC'),
('VIC311', 'MELBOURNE', '1', 'STE-VIC'),
('VIC312', 'MELTON', '1', 'STE-VIC'),
('VIC313', 'MILDURA', '1', 'STE-VIC'),
('VIC314', 'MILL PARK', '1', 'STE-VIC'),
('VIC315', 'MONBULK', '1', 'STE-VIC'),
('VIC316', 'MORDIALLOC', '1', 'STE-VIC'),
('VIC317', 'MORNINGTON', '1', 'STE-VIC'),
('VIC318', 'MORWELL', '1', 'STE-VIC'),
('VIC319', 'MULGRAVE', '1', 'STE-VIC'),
('VIC320', 'MURRAY PLAINS', '1', 'STE-VIC'),
('VIC321', 'NARRACAN', '1', 'STE-VIC'),
('VIC322', 'NARRE WARREN NORTH', '1', 'STE-VIC'),
('VIC323', 'NARRE WARREN SOUTH', '1', 'STE-VIC'),
('VIC324', 'NEPEAN', '1', 'STE-VIC'),
('VIC326', 'NORTHCOTE', '1', 'STE-VIC'),
('VIC327', 'OAKLEIGH', '1', 'STE-VIC'),
('VIC328', 'OVENS VALLEY', '1', 'STE-VIC'),
('VIC329', 'PAKENHAM', '1', 'STE-VIC'),
('VIC330', 'PASCOE VALE', '1', 'STE-VIC'),
('VIC331', 'POINT COOK', '1', 'STE-VIC'),
('VIC332', 'POLWARTH', '1', 'STE-VIC'),
('VIC333', 'PRAHRAN', '1', 'STE-VIC'),
('VIC334', 'PRESTON', '1', 'STE-VIC'),
('VIC335', 'RICHMOND', '1', 'STE-VIC'),
('VIC336', 'RINGWOOD', '1', 'STE-VIC'),
('VIC337', 'RIPON', '1', 'STE-VIC'),
('VIC338', 'ROWVILLE', '1', 'STE-VIC'),
('VIC339', 'SANDRINGHAM', '1', 'STE-VIC'),
('VIC340', 'SHEPPARTON', '1', 'STE-VIC'),
('VIC341', 'SOUTH BARWON', '1', 'STE-VIC'),
('VIC342', 'SOUTH-WEST COAST', '1', 'STE-VIC'),
('VIC343', 'ST ALBANS', '1', 'STE-VIC'),
('VIC344', 'SUNBURY', '1', 'STE-VIC'),
('VIC345', 'SYDENHAM', '1', 'STE-VIC'),
('VIC346', 'TARNEIT', '1', 'STE-VIC'),
('VIC347', 'THOMASTOWN', '1', 'STE-VIC'),
('VIC348', 'WARRANDYTE', '1', 'STE-VIC'),
('VIC349', 'WENDOUREE', '1', 'STE-VIC'),
('VIC350', 'WERRIBEE', '1', 'STE-VIC'),
('VIC351', 'WILLIAMSTOWN', '1', 'STE-VIC'),
('VIC352', 'YAN YEAN', '1', 'STE-VIC'),
('VIC353', 'ALBERT PARK', '1', 'STE-VIC'),
('VIC354', 'ASHWOOD', '1', 'STE-VIC'),
('VIC355', 'BASS', '1', 'STE-VIC'),
('VIC356', 'BAYSWATER', '1', 'STE-VIC'),
('VIC357', 'BELLARINE', '1', 'STE-VIC'),
('VIC358', 'BENAMBRA', '1', 'STE-VIC'),
('VIC359', 'BENDIGO EAST', '1', 'STE-VIC'),
('VIC360', 'BENDIGO WEST', '1', 'STE-VIC'),
('VIC361', 'BENTLEIGH', '1', 'STE-VIC'),
('VIC363', 'BOX HILL', '1', 'STE-VIC'),
('VIC364', 'BRIGHTON', '1', 'STE-VIC'),
('VIC365', 'BROADMEADOWS', '1', 'STE-VIC'),
('VIC366', 'BRUNSWICK', '1', 'STE-VIC'),
('VIC367', 'BULLEEN', '1', 'STE-VIC'),
('VIC368', 'BUNDOORA', '1', 'STE-VIC'),
('VIC369', 'CARRUM', '1', 'STE-VIC'),
('VIC370', 'CAULFIELD', '1', 'STE-VIC'),
('VIC371', 'CLARINDA', '1', 'STE-VIC'),
('VIC372', 'CRANBOURNE', '1', 'STE-VIC'),
('VIC373', 'CROYDON', '1', 'STE-VIC'),
('VIC374', 'DANDENONG', '1', 'STE-VIC'),
('VIC375', 'EILDON', '1', 'STE-VIC'),
('VIC376', 'ELTHAM', '1', 'STE-VIC'),
('VIC377', 'ESSENDON', '1', 'STE-VIC'),
('VIC378', 'EUREKA', '1', 'STE-VIC'),
('VIC379', 'EUROA', '1', 'STE-VIC'),
('VIC380', 'EVELYN', '1', 'STE-VIC'),
('VIC381', 'FOOTSCRAY', '1', 'STE-VIC'),
('VIC382', 'FRANKSTON', '1', 'STE-VIC'),
('VIC383', 'GEELONG', '1', 'STE-VIC'),
('VIC384', 'GIPPSLAND EAST', '1', 'STE-VIC'),
('VIC385', 'GIPPSLAND SOUTH', '1', 'STE-VIC'),
('VIC386', 'GLEN WAVERLEY', '1', 'STE-VIC'),
('VIC387', 'GREENVALE', '1', 'STE-VIC'),
('VIC388', 'HASTINGS', '1', 'STE-VIC'),
('VIC389', 'HAWTHORN', '1', 'STE-VIC'),
('VIC390', 'IVANHOE', '1', 'STE-VIC'),
('VIC391', 'KALKALLO', '1', 'STE-VIC'),
('VIC392', 'NORTHERN VICTORIA', '3', 'STE-VIC'),
('VIC393', 'SOUTH-EASTERN METROPOLITAN', '3', 'STE-VIC'),
('VIC394', 'SOUTHERN METROPOLITAN', '3', 'STE-VIC'),
('VIC395', 'WESTERN METROPOLITAN', '3', 'STE-VIC'),
('VIC396', 'EASTERN VICTORIA', '3', 'STE-VIC'),
('VIC397', 'NORTH-EASTERN METROPOLITAN', '3', 'STE-VIC'),
('VIC398', 'NORTHERN METROPOLITAN', '3', 'STE-VIC'),
('VIC399', 'WESTERN VICTORIA', '3', 'STE-VIC');
CREATE TABLE IF NOT EXISTS raw_admin_bdys_202602.aus_state_electoral_polygon (gid integer PRIMARY KEY, se_pid text NOT NULL, geom geometry(MultiPolygon, 7844) NOT NULL);
INSERT INTO raw_admin_bdys_202602.aus_state_electoral_polygon (gid, se_pid, geom) VALUES
(1, 'VIC304', ST_GeomFromText('MULTIPOLYGON(((145.027776 -37.802828,145.027876 -37.802828,145.027876 -37.802928,145.027776 -37.802928,145.027776 -37.802828)),((145.092273 -37.786297999999995,145.09237299999998 -37.786297999999995,145.09237299999998 -37.786398,145.092273 -37.786398,145.092273 -37.786297999999995)))', 7844)),
(2, 'VIC305', ST_GeomFromText('MULTIPOLYGON(((144.764222 -37.777653,144.764222 -37.777753,144.764122 -37.777753,144.764122 -37.777653,144.764222 -37.777653)),((144.760648 -37.769324999999995,144.760648 -37.769425,144.760548 -37.769425,144.760548 -37.769324999999995,144.760648 -37.769324999999995)),((144.76394299999998 -37.735552,144.76394299999998 -37.735652,144.76384299999998 -37.735652,144.76384299999998 -37.735552,144.76394299999998 -37.735552)),((144.74129 -37.723546999999996,144.74129 -37.723647,144.74119 -37.723647,144.74119 -37.723546999999996,144.74129 -37.723546999999996)))', 7844)),
(3, 'VIC306', ST_GeomFromText('MULTIPOLYGON(((144.320661 -38.126681,144.320661 -38.126781,144.320561 -38.126781,144.320561 -38.126681,144.320661 -38.126681)),((144.343652 -38.082798,144.343652 -38.082898,144.343552 -38.082898,144.343552 -38.082798,144.343652 -38.082798)),((144.40053799999998 -38.033471,144.40053799999998 -38.033570999999995,144.40043799999998 -38.033570999999995,144.40043799999998 -38.033471,144.40053799999998 -38.033471)),((144.42539499999998 -38.030283,144.425295 -38.030283,144.425295 -38.030183,144.42539499999998 -38.030183,144.42539499999998 -38.030283)),((144.362214 -38.017413,144.362114 -38.017413,144.362114 -38.017313,144.362214 -38.017313,144.362214 -38.017413)))', 7844)),
(4, 'VIC307', ST_GeomFromText('MULTIPOLYGON(((144.767046 -37.860901,144.767046 -37.861001,144.766946 -37.861001,144.766946 -37.860901,144.767046 -37.860901)),((144.772294 -37.860600999999996,144.772294 -37.860701,144.77219399999998 -37.860701,144.77219399999998 -37.860600999999996,144.772294 -37.860600999999996)),((144.809516 -37.792002,144.809516 -37.792102,144.809416 -37.792102,144.809416 -37.792002,144.809516 -37.792002)),((144.789481 -37.791494,144.789481 -37.791593999999996,144.789381 -37.791593999999996,144.789381 -37.791494,144.789481 -37.791494)))', 7844)),
(5, 'VIC308', ST_GeomFromText('MULTIPOLYGON(((142.01658899999998 -37.739906,142.01668899999999 -37.739906,142.01668899999999 -37.740006,142.01658899999998 -37.740006,142.01658899999998 -37.739906)),((141.407928 -37.320585,141.407928 -37.320685,141.407828 -37.320685,141.407828 -37.320585,141.407928 -37.320585)),((142.85443999999998 -37.150286,142.85443999999998 -37.150386,142.85434 -37.150386,142.85434 -37.150286,142.85443999999998 -37.150286)))', 7844)),
(6, 'VIC309', ST_GeomFromText('MULTIPOLYGON(((144.63761599999998 -37.547955,144.63761599999998 -37.548055,144.637516 -37.548055,144.637516 -37.547955,144.63761599999998 -37.547955)),((144.584395 -37.490217,144.584295 -37.490217,144.584295 -37.490117,144.584395 -37.490117,144.584395 -37.490217)),((144.695133 -37.466761999999996,144.695033 -37.466761999999996,144.695033 -37.466662,144.695133 -37.466662,144.695133 -37.466761999999996)),((144.73288599999998 -37.360631,144.732786 -37.360631,144.732786 -37.360531,144.73288599999998 -37.360531,144.73288599999998 -37.360631)),((144.414404 -37.322002999999995,144.414304 -37.322002999999995,144.414304 -37.321903,144.414404 -37.321903,144.414404 -37.322002999999995)),((144.123697 -37.312298,144.123597 -37.312298,144.123597 -37.312197999999995,144.123697 -37.312197999999995,144.123697 -37.312298)),((144.18630299999998 -37.169219,144.186203 -37.169219,144.186203 -37.169118999999995,144.18630299999998 -37.169118999999995,144.18630299999998 -37.169219)))', 7844)),
(7, 'VIC310', ST_GeomFromText('MULTIPOLYGON(((145.08066599999998 -37.887732,145.080566 -37.887732,145.080566 -37.887631999999996,145.08066599999998 -37.887631999999996,145.08066599999998 -37.887732)),((145.047537 -37.876092,145.047437 -37.876092,145.047437 -37.875992,145.047537 -37.875992,145.047537 -37.876092)),((145.04082499999998 -37.87489,145.04072499999998 -37.87489,145.04072499999998 -37.87479,145.04082499999998 -37.87479,145.04082499999998 -37.87489)),((145.040688 -37.860141999999996,145.04058799999999 -37.860141999999996,145.04058799999999 -37.860042,145.040688 -37.860042,145.040688 -37.860141999999996)),((145.029145 -37.859877,145.029045 -37.859877,145.029045 -37.859777,145.029145 -37.859777,145.029145 -37.859877)),((145.052964 -37.856840999999996,145.052864 -37.856840999999996,145.052864 -37.856741,145.052964 -37.856741,145.052964 -37.856840999999996)),((145.03410499999998 -37.855205999999995,145.03410499999998 -37.855106,145.034205 -37.855106,145.034205 -37.855205999999995,145.03410499999998 -37.855205999999995)),((145.045186 -37.853811,145.045186 -37.853711,145.045286 -37.853711,145.045286 -37.853811,145.045186 -37.853811)))', 7844)),
(8, 'VIC311', ST_GeomFromText('MULTIPOLYGON(((144.952473 -37.82263,144.952573 -37.82263,144.952573 -37.82273,144.952473 -37.82273,144.952473 -37.82263)),((144.947022 -37.818242,144.947022 -37.818342,144.946922 -37.818342,144.946922 -37.818242,144.947022 -37.818242)),((144.95313 -37.815521,144.95313 -37.815621,144.95302999999998 -37.815621,144.95302999999998 -37.815521,144.95313 -37.815521)),((144.937964 -37.815270999999996,144.938064 -37.815270999999996,144.938064 -37.815371,144.937964 -37.815371,144.937964 -37.815270999999996)),((144.952533 -37.814167,144.952533 -37.814267,144.95243299999998 -37.814267,144.95243299999998 -37.814167,144.952533 -37.814167)),((144.953328 -37.813986,144.953328 -37.814085999999996,144.953228 -37.814085999999996,144.953228 -37.813986,144.953328 -37.813986)),((144.946194 -37.813142,144.946194 -37.813241999999995,144.946094 -37.813241999999995,144.946094 -37.813142,144.946194 -37.813142)),((144.95146599999998 -37.810899,144.95156599999999 -37.810899,144.95156599999999 -37.810998999999995,144.95146599999998 -37.810998999999995,144.95146599999998 -37.810899)),((144.944629 -37.805318,144.944629 -37.805417999999996,144.944529 -37.805417999999996,144.944529 -37.805318,144.944629 -37.805318)),((144.953297 -37.798646,144.953297 -37.798746,144.953197 -37.798746,144.953197 -37.798646,144.953297 -37.798646)),((144.94360799999998 -37.798415999999996,144.943708 -37.798415999999996,144.943708 -37.798516,144.94360799999998 -37.798516,144.94360799999998 -37.798415999999996)),((144.94612 -37.798024,144.94612 -37.798124,144.94602 -37.798124,144.94602 -37.798024,144.94612 -37.798024)),((144.946349 -37.796769999999995,144.946349 -37.79687,144.946249 -37.79687,144.946249 -37.796769999999995,144.946349 -37.796769999999995)),((144.939334 -37.77964,144.939434 -37.77964,144.939434 -37.77974,144.939334 -37.77974,144.939334 -37.77964)),((144.95449399999998 -37.821492,144.95449399999998 -37.821591999999995,144.95439399999998 -37.821591999999995,144.95439399999998 -37.821492,144.95449399999998 -37.821492)),((144.953567 -37.821221,144.953567 -37.821321,144.953467 -37.821321,144.953467 -37.821221,144.953567 -37.821221)),((144.955411 -37.820699,144.955511 -37.820699,144.955511 -37.820799,144.955411 -37.820799,144.955411 -37.820699)),((144.958031 -37.817690999999996,144.958031 -37.817791,144.957931 -37.817791,144.957931 -37.817690999999996,144.958031 -37.817690999999996)),((144.95922299999998 -37.817105,144.95922299999998 -37.817205,144.959123 -37.817205,144.959123 -37.817105,144.95922299999998 -37.817105)),((144.957101 -37.816846,144.957201 -37.816846,144.957201 -37.816946,144.957101 -37.816946,144.957101 -37.816846)),((144.956372 -37.815937999999996,144.956372 -37.816038,144.95627199999998 -37.816038,144.95627199999998 -37.815937999999996,144.956372 -37.815937999999996)),((144.954137 -37.815388999999996,144.954137 -37.815489,144.954037 -37.815489,144.954037 -37.815388999999996,144.954137 -37.815388999999996)),((144.953371 -37.814431,144.953471 -37.814431,144.953471 -37.814530999999995,144.953371 -37.814530999999995,144.953371 -37.814431)),((144.95406 -37.81319,144.95406 -37.813289999999995,144.95396 -37.813289999999995,144.95396 -37.81319,144.95406 -37.81319)),((144.96070699999999 -37.811453,144.96070699999999 -37.811552999999996,144.96060699999998 -37.811552999999996,144.96060699999998 -37.811453,144.96070699999999 -37.811453)),((144.960684 -37.808279999999996,144.960784 -37.808279999999996,144.960784 -37.80838,144.960684 -37.80838,144.960684 -37.808279999999996)),((144.960569 -37.807811,144.960569 -37.807911,144.960469 -37.807911,144.960469 -37.807811,144.960569 -37.807811)),((144.955089 -37.803146999999996,144.955189 -37.803146999999996,144.955189 -37.803247,144.955089 -37.803247,144.955089 -37.803146999999996)),((144.955477 -37.800387,144.955477 -37.800487,144.955377 -37.800487,144.955377 -37.800387,144.955477 -37.800387)),((144.965703 -37.817701,144.965703 -37.817800999999996,144.965603 -37.817800999999996,144.965603 -37.817701,144.965703 -37.817701)),((144.965719 -37.817516,144.96581899999998 -37.817516,144.96581899999998 -37.817616,144.965719 -37.817616,144.965719 -37.817516)),((144.961647 -37.817479,144.961647 -37.817578999999995,144.961547 -37.817578999999995,144.961547 -37.817479,144.961647 -37.817479)),((144.968009 -37.81301,144.968009 -37.81311,144.967909 -37.81311,144.967909 -37.81301,144.968009 -37.81301)),((144.968763 -37.812753,144.968863 -37.812753,144.968863 -37.812853,144.968763 -37.812853,144.968763 -37.812753)),((144.969014 -37.812267999999996,144.969014 -37.812368,144.96891399999998 -37.812368,144.96891399999998 -37.812267999999996,144.969014 -37.812267999999996)),((144.96775 -37.811267,144.96775 -37.811367,144.96765 -37.811367,144.96765 -37.811267,144.96775 -37.811267)),((144.961262 -37.809311,144.961262 -37.809411,144.961162 -37.809411,144.961162 -37.809311,144.961262 -37.809311)),((144.968522 -37.809131,144.968522 -37.809231,144.968422 -37.809231,144.968422 -37.809131,144.968522 -37.809131)),((144.96725899999998 -37.808747,144.967359 -37.808747,144.967359 -37.808847,144.96725899999998 -37.808847,144.96725899999998 -37.808747)),((144.961014 -37.807719,144.961014 -37.807818999999995,144.960914 -37.807818999999995,144.960914 -37.807719,144.961014 -37.807719)),((144.961964 -37.806272,144.961964 -37.806371999999996,144.961864 -37.806371999999996,144.961864 -37.806272,144.961964 -37.806272)),((144.96178799999998 -37.805583999999996,144.961888 -37.805583999999996,144.961888 -37.805684,144.96178799999998 -37.805684,144.96178799999998 -37.805583999999996)),((144.966871 -37.794202999999996,144.966871 -37.794303,144.966771 -37.794303,144.966771 -37.794202999999996,144.966871 -37.794202999999996)),((144.971055 -37.793036,144.971055 -37.793136,144.970955 -37.793136,144.970955 -37.793036,144.971055 -37.793036)))', 7844)),
(9, 'VIC312', ST_GeomFromText('MULTIPOLYGON(((144.541686 -37.697738,144.541786 -37.697738,144.541786 -37.697838,144.541686 -37.697838,144.541686 -37.697738)),((144.604807 -37.68502,144.604807 -37.68512,144.604707 -37.68512,144.604707 -37.68502,144.604807 -37.68502)),((144.582535 -37.655673,144.582535 -37.655772999999996,144.582435 -37.655772999999996,144.582435 -37.655673,144.582535 -37.655673)))', 7844)),
(10, 'VIC313', ST_GeomFromText('MULTIPOLYGON(((142.036509 -34.242405999999995,142.036509 -34.242506,142.036409 -34.242506,142.036409 -34.242405999999995,142.036509 -34.242405999999995)),((142.14422199999998 -34.233306999999996,142.14422199999998 -34.233407,142.14412199999998 -34.233407,142.14412199999998 -34.233306999999996,142.14422199999998 -34.233306999999996)),((142.124667 -34.199984,142.124667 -34.200084,142.12456699999998 -34.200084,142.12456699999998 -34.199984,142.124667 -34.199984)),((142.059767 -34.166658999999996,142.059767 -34.166759,142.059667 -34.166759,142.059667 -34.166658999999996,142.059767 -34.166658999999996)))', 7844)),
(11, 'VIC314', ST_GeomFromText('MULTIPOLYGON(((145.085738 -37.647815,145.085838 -37.647815,145.085838 -37.647915,145.085738 -37.647915,145.085738 -37.647815)),((145.052742 -37.640709,145.052742 -37.640809,145.052642 -37.640809,145.052642 -37.640709,145.052742 -37.640709)),((145.064269 -37.637029,145.064269 -37.637129,145.064169 -37.637129,145.064169 -37.637029,145.064269 -37.637029)))', 7844)),
(12, 'VIC315', ST_GeomFromText('MULTIPOLYGON(((145.356042 -37.970825999999995,145.356142 -37.970825999999995,145.356142 -37.970926,145.356042 -37.970926,145.356042 -37.970825999999995)),((145.35687199999998 -37.930996,145.35687199999998 -37.931096,145.356772 -37.931096,145.356772 -37.930996,145.35687199999998 -37.930996)),((145.464741 -37.814111,145.464741 -37.814211,145.464641 -37.814211,145.464641 -37.814111,145.464741 -37.814111)))', 7844)),
(13, 'VIC316', ST_GeomFromText('MULTIPOLYGON(((145.12563799999998 -38.041979999999995,145.12563799999998 -38.04208,145.125538 -38.04208,145.125538 -38.041979999999995,145.12563799999998 -38.041979999999995)),((145.134762 -38.031247,145.134662 -38.031247,145.134662 -38.031147,145.134762 -38.031147,145.134762 -38.031247)),((145.13432699999998 -38.029725,145.13422699999998 -38.029725,145.13422699999998 -38.029624999999996,145.13432699999998 -38.029624999999996,145.13432699999998 -38.029725)),((145.159112 -38.027532,145.159112 -38.027632,145.159012 -38.027632,145.159012 -38.027532,145.159112 -38.027532)),((145.083057 -38.001252,145.082957 -38.001252,145.082957 -38.001152,145.083057 -38.001152,145.083057 -38.001252)),((145.090541 -37.98627,145.090441 -37.98627,145.090441 -37.98617,145.090541 -37.98617,145.090541 -37.98627)))', 7844)),
(14, 'VIC317', ST_GeomFromText('MULTIPOLYGON(((145.043199 -38.248169,145.043199 -38.248069,145.043299 -38.248069,145.043299 -38.248169,145.043199 -38.248169)))', 7844)),
(15, 'VIC318', ST_GeomFromText('MULTIPOLYGON(((146.347334 -38.304535,146.347234 -38.304535,146.347234 -38.304435,146.347334 -38.304435,146.347334 -38.304535)),((146.44359 -38.239522,146.44349 -38.239522,146.44349 -38.239422,146.44359 -38.239422,146.44359 -38.239522)),((146.42883999999998 -38.219916999999995,146.42874 -38.219916999999995,146.42874 -38.219817,146.42883999999998 -38.219817,146.42883999999998 -38.219916999999995)),((146.522344 -38.209053,146.522244 -38.209053,146.522244 -38.208953,146.522344 -38.208953,146.522344 -38.209053)),((146.565372 -38.199503,146.565272 -38.199503,146.565272 -38.199403,146.565372 -38.199403,146.565372 -38.199503)),((146.506722 -38.199435,146.506622 -38.199435,146.506622 -38.199335,146.506722 -38.199335,146.506722 -38.199435)),((146.56656999999998 -38.191488,146.56646999999998 -38.191488,146.56646999999998 -38.191387999999996,146.56656999999998 -38.191387999999996,146.56656999999998 -38.191488)),((146.54478699999999 -38.181854,146.54468699999998 -38.181854,146.54468699999998 -38.181754,146.54478699999999 -38.181754,146.54478699999999 -38.181854)))', 7844)),
(16, 'VIC319', ST_GeomFromText('MULTIPOLYGON(((145.181468 -37.958735,145.181468 -37.958835,145.181368 -37.958835,145.181368 -37.958735,145.181468 -37.958735)),((145.17627199999998 -37.92762,145.17627199999998 -37.92772,145.17617199999998 -37.92772,145.17617199999998 -37.92762,145.17627199999998 -37.92762)),((145.19474499999998 -37.920614,145.19474499999998 -37.920714,145.19464499999998 -37.920714,145.19464499999998 -37.920614,145.19474499999998 -37.920614)),((145.167104 -37.909782,145.167004 -37.909782,145.167004 -37.909682,145.167104 -37.909682,145.167104 -37.909782)),((145.167394 -37.908197,145.167294 -37.908197,145.167294 -37.908097,145.167394 -37.908097,145.167394 -37.908197)))', 7844)),
(17, 'VIC320', ST_GeomFromText('MULTIPOLYGON(((144.479847 -36.312377,144.479747 -36.312377,144.479747 -36.312277,144.479847 -36.312277,144.479847 -36.312377)),((145.05306 -36.311484,145.05295999999998 -36.311484,145.05295999999998 -36.311384,145.05306 -36.311384,145.05306 -36.311484)),((144.55468399999998 -36.011179999999996,144.554584 -36.011179999999996,144.554584 -36.01108,144.55468399999998 -36.01108,144.55468399999998 -36.011179999999996)),((144.484285 -35.979569,144.484185 -35.979569,144.484185 -35.979469,144.484285 -35.979469,144.484285 -35.979569)),((144.246198 -35.940847,144.246098 -35.940847,144.246098 -35.940747,144.246198 -35.940747,144.246198 -35.940847)),((143.554389 -35.909510999999995,143.55428899999998 -35.909510999999995,143.55428899999998 -35.909411,143.554389 -35.909411,143.554389 -35.909510999999995)),((143.92353699999998 -35.733274,143.923437 -35.733274,143.923437 -35.733174,143.92353699999998 -35.733174,143.92353699999998 -35.733274)),((143.26827699999998 -35.476028,143.26827699999998 -35.475927999999996,143.268377 -35.475927999999996,143.268377 -35.476028,143.26827699999998 -35.476028)),((143.490807 -35.306635,143.490807 -35.306535,143.490907 -35.306535,143.490907 -35.306635,143.490807 -35.306635)))', 7844)),
(18, 'VIC321', ST_GeomFromText('MULTIPOLYGON(((146.158097 -38.219342,146.158097 -38.219442,146.157997 -38.219442,146.157997 -38.219342,146.158097 -38.219342)),((145.933085 -38.158868,145.933085 -38.158968,145.932985 -38.158968,145.932985 -38.158868,145.933085 -38.158868)),((145.766019 -38.109981,145.766019 -38.110081,145.765919 -38.110081,145.765919 -38.109981,145.766019 -38.109981)),((145.568869 -38.08407,145.568869 -38.08417,145.568769 -38.08417,145.568769 -38.08407,145.568869 -38.08407)))', 7844)),
(19, 'VIC322', ST_GeomFromText('MULTIPOLYGON(((145.273548 -38.019296,145.27364799999998 -38.019296,145.27364799999998 -38.019396,145.273548 -38.019396,145.273548 -38.019296)),((145.26108499999998 -37.997423,145.26118499999998 -37.997423,145.26118499999998 -37.997523,145.26108499999998 -37.997523,145.26108499999998 -37.997423)))', 7844)),
(20, 'VIC323', ST_GeomFromText('MULTIPOLYGON(((145.276601 -38.079668,145.276601 -38.079768,145.276501 -38.079768,145.276501 -38.079668,145.276601 -38.079668)),((145.27255399999999 -38.07497,145.27255399999999 -38.07507,145.27245399999998 -38.07507,145.27245399999998 -38.07497,145.27255399999999 -38.07497)),((145.276454 -38.069446,145.276454 -38.069545999999995,145.276354 -38.069545999999995,145.276354 -38.069446,145.276454 -38.069446)),((145.29003799999998 -38.039632999999995,145.29003799999998 -38.039733,145.289938 -38.039733,145.289938 -38.039632999999995,145.29003799999998 -38.039632999999995)))', 7844)),
(21, 'VIC324', ST_GeomFromText('MULTIPOLYGON(((144.773055 -38.372155,144.772955 -38.372155,144.772955 -38.372054999999996,144.773055 -38.372054999999996,144.773055 -38.372155)),((144.880565 -38.370246,144.880565 -38.370146,144.880665 -38.370146,144.880665 -38.370246,144.880565 -38.370246)),((144.76048799999998 -38.365029,144.76048799999998 -38.364929,144.76058799999998 -38.364929,144.76058799999998 -38.365029,144.76048799999998 -38.365029)),((144.736174 -38.344151,144.736074 -38.344151,144.736074 -38.344051,144.736174 -38.344051,144.736174 -38.344151)),((144.73369599999998 -38.337824999999995,144.73369599999998 -38.337725,144.73379599999998 -38.337725,144.73379599999998 -38.337824999999995,144.73369599999998 -38.337824999999995)),((144.709056 -38.330867,144.709056 -38.330767,144.709156 -38.330767,144.709156 -38.330867,144.709056 -38.330867)),((144.97908999999999 -38.469651,144.97898999999998 -38.469651,144.97898999999998 -38.469550999999996,144.97908999999999 -38.469550999999996,144.97908999999999 -38.469651)),((144.91241399999998 -38.379478,144.91241399999998 -38.379377999999996,144.912514 -38.379377999999996,144.912514 -38.379478,144.91241399999998 -38.379478)),((144.922199 -38.37565,144.922199 -38.37555,144.92229899999998 -38.37555,144.92229899999998 -38.37565,144.922199 -38.37565)),((144.924451 -38.373246,144.924351 -38.373246,144.924351 -38.373146,144.924451 -38.373146,144.924451 -38.373246)),((145.018432 -38.369146,145.018432 -38.369046,145.018532 -38.369046,145.018532 -38.369146,145.018432 -38.369146)),((144.96905999999998 -38.336318999999996,144.96905999999998 -38.336219,144.96916 -38.336219,144.96916 -38.336318999999996,144.96905999999998 -38.336318999999996)))', 7844)),
(22, 'VIC326', ST_GeomFromText('MULTIPOLYGON(((144.996784 -37.782993,144.996784 -37.783093,144.996684 -37.783093,144.996684 -37.782993,144.996784 -37.782993)),((145.012259 -37.763832,145.012259 -37.763932,145.012159 -37.763932,145.012159 -37.763832,145.012259 -37.763832)),((144.984334 -37.755096,144.984334 -37.755196,144.984234 -37.755196,144.984234 -37.755096,144.984334 -37.755096)),((145.01493399999998 -37.748261,145.014834 -37.748261,145.014834 -37.748160999999996,145.01493399999998 -37.748160999999996,145.01493399999998 -37.748261)),((145.002463 -37.746494999999996,145.002363 -37.746494999999996,145.002363 -37.746395,145.002463 -37.746395,145.002463 -37.746494999999996)))', 7844)),
(23, 'VIC327', ST_GeomFromText('MULTIPOLYGON(((145.128022 -37.911594,145.128122 -37.911594,145.128122 -37.911694,145.128022 -37.911694,145.128022 -37.911594)),((145.06364399999998 -37.897076999999996,145.06374399999999 -37.897076999999996,145.06374399999999 -37.897177,145.06364399999998 -37.897177,145.06364399999998 -37.897076999999996)))', 7844)),
(24, 'VIC328', ST_GeomFromText('MULTIPOLYGON(((147.27789099999998 -36.865171,147.27779099999998 -36.865171,147.27779099999998 -36.865071,147.27789099999998 -36.865071,147.27789099999998 -36.865171)),((147.156868 -36.746978999999996,147.156768 -36.746978999999996,147.156768 -36.746879,147.156868 -36.746879,147.156868 -36.746978999999996)),((147.03932899999998 -36.479178,147.039229 -36.479178,147.039229 -36.479078,147.03932899999998 -36.479078,147.03932899999998 -36.479178)),((146.388287 -36.439578,146.388187 -36.439578,146.388187 -36.439478,146.388287 -36.439478,146.388287 -36.439578)),((146.578938 -36.420736999999995,146.578838 -36.420736999999995,146.578838 -36.420637,146.578938 -36.420637,146.578938 -36.420736999999995)),((146.288185 -36.339701,146.288085 -36.339701,146.288085 -36.339601,146.288185 -36.339601,146.288185 -36.339701)),((146.26171399999998 -36.289974,146.26161399999998 -36.289974,146.26161399999998 -36.289874,146.26171399999998 -36.289874,146.26171399999998 -36.289974)),((146.018551 -36.008109,146.018451 -36.008109,146.018451 -36.008009,146.018551 -36.008009,146.018551 -36.008109)))', 7844)),
(25, 'VIC329', ST_GeomFromText('MULTIPOLYGON(((145.478115 -38.079322,145.478115 -38.079422,145.478015 -38.079422,145.478015 -38.079322,145.478115 -38.079322)),((145.420658 -38.076293,145.420658 -38.076392999999996,145.420558 -38.076392999999996,145.420558 -38.076293,145.420658 -38.076293)),((145.487531 -38.072773,145.487531 -38.072873,145.487431 -38.072873,145.487431 -38.072773,145.487531 -38.072773)),((145.427211 -38.062981,145.427111 -38.062981,145.427111 -38.062881,145.427211 -38.062881,145.427211 -38.062981)),((145.49601099999998 -38.055734,145.495911 -38.055734,145.495911 -38.055634,145.49601099999998 -38.055634,145.49601099999998 -38.055734)))', 7844)),
(26, 'VIC330', ST_GeomFromText('MULTIPOLYGON(((144.937092 -37.759654,144.937092 -37.759754,144.936992 -37.759754,144.936992 -37.759654,144.937092 -37.759654)),((144.96919 -37.753454999999995,144.96919 -37.753555,144.96909 -37.753555,144.96909 -37.753454999999995,144.96919 -37.753454999999995)),((144.956919 -37.733723,144.956919 -37.733823,144.956819 -37.733823,144.956819 -37.733723,144.956919 -37.733723)),((144.92647599999998 -37.730456,144.926376 -37.730456,144.926376 -37.730356,144.92647599999998 -37.730356,144.92647599999998 -37.730456)),((144.926089 -37.727574,144.925989 -37.727574,144.925989 -37.727474,144.926089 -37.727474,144.926089 -37.727574)))', 7844)),
(27, 'VIC331', ST_GeomFromText('MULTIPOLYGON(((144.730378 -37.908042,144.730378 -37.908142,144.730278 -37.908142,144.730278 -37.908042,144.730378 -37.908042)),((144.764846 -37.906293,144.764846 -37.906393,144.764746 -37.906393,144.764746 -37.906293,144.764846 -37.906293)),((144.767688 -37.906231,144.767688 -37.906331,144.767588 -37.906331,144.767588 -37.906231,144.767688 -37.906231)),((144.75310199999998 -37.899037,144.75300199999998 -37.899037,144.75300199999998 -37.898937,144.75310199999998 -37.898937,144.75310199999998 -37.899037)),((144.78546 -37.870743999999995,144.78536 -37.870743999999995,144.78536 -37.870644,144.78546 -37.870644,144.78546 -37.870743999999995)))', 7844)),
(28, 'VIC332', ST_GeomFromText('MULTIPOLYGON(((143.55794799999998 -38.632483,143.55794799999998 -38.632583,143.557848 -38.632583,143.557848 -38.632483,143.55794799999998 -38.632483)),((143.972414 -38.534496,143.972414 -38.534596,143.97231399999998 -38.534596,143.97231399999998 -38.534496,143.972414 -38.534496)),((144.321663 -38.308386999999996,144.321663 -38.308487,144.321563 -38.308487,144.321563 -38.308386999999996,144.321663 -38.308386999999996)),((144.000247 -38.233675999999996,144.000247 -38.233776,144.000147 -38.233776,144.000147 -38.233675999999996,144.000247 -38.233675999999996)))', 7844)),
(29, 'VIC333', ST_GeomFromText('MULTIPOLYGON(((144.976156 -37.844091999999996,144.976156 -37.843992,144.976256 -37.843992,144.976256 -37.844091999999996,144.976156 -37.844091999999996)),((144.97582 -37.843016,144.97592 -37.843016,144.97592 -37.843115999999995,144.97582 -37.843115999999995,144.97582 -37.843016)),((144.975631 -37.842487,144.975731 -37.842487,144.975731 -37.842587,144.975631 -37.842587,144.975631 -37.842487)),((144.974258 -37.838726,144.974358 -37.838726,144.974358 -37.838826,144.974258 -37.838826,144.974258 -37.838726)),((144.975943 -37.838626,144.976043 -37.838626,144.976043 -37.838726,144.975943 -37.838726,144.975943 -37.838626)),((144.976825 -37.838571,144.976925 -37.838571,144.976925 -37.838671,144.976825 -37.838671,144.976825 -37.838571)),((144.973651 -37.835743,144.973751 -37.835743,144.973751 -37.835843,144.973651 -37.835843,144.973651 -37.835743)),((144.97466599999998 -37.835451,144.974766 -37.835451,144.974766 -37.835550999999995,144.97466599999998 -37.835550999999995,144.97466599999998 -37.835451)),((144.97107 -37.831752,144.97117 -37.831752,144.97117 -37.831852,144.97107 -37.831852,144.97107 -37.831752)),((144.970902 -37.831016999999996,144.971002 -37.831016999999996,144.971002 -37.831117,144.970902 -37.831117,144.970902 -37.831016999999996)),((144.969137 -37.829406,144.969237 -37.829406,144.969237 -37.829505999999995,144.969137 -37.829505999999995,144.969137 -37.829406)),((145.00196599999998 -37.8566,145.00196599999998 -37.8565,145.00206599999999 -37.8565,145.00206599999999 -37.8566,145.00196599999998 -37.8566)),((144.981101 -37.852776999999996,144.981201 -37.852776999999996,144.981201 -37.852877,144.981101 -37.852877,144.981101 -37.852776999999996)),((144.97917999999999 -37.852236,144.97928 -37.852236,144.97928 -37.852336,144.97917999999999 -37.852336,144.97917999999999 -37.852236)),((144.979776 -37.849146,144.979876 -37.849146,144.979876 -37.849246,144.979776 -37.849246,144.979776 -37.849146)),((144.97897899999998 -37.846961,144.97907899999998 -37.846961,144.97907899999998 -37.847061,144.97897899999998 -37.847061,144.97897899999998 -37.846961)),((144.978901 -37.846747,144.97900099999998 -37.846747,144.97900099999998 -37.846847,144.978901 -37.846847,144.978901 -37.846747)),((144.979753 -37.84665,144.979853 -37.84665,144.979853 -37.84675,144.979753 -37.84675,144.979753 -37.84665)),((144.979357 -37.845517,144.979457 -37.845517,144.979457 -37.845617,144.979357 -37.845617,144.979357 -37.845517)),((144.988797 -37.844186,144.98889699999998 -37.844186,144.98889699999998 -37.844286,144.988797 -37.844286,144.988797 -37.844186)),((144.978576 -37.843363,144.978676 -37.843363,144.978676 -37.843463,144.978576 -37.843463,144.978576 -37.843363)),((144.976882 -37.841209,144.976982 -37.841209,144.976982 -37.841308999999995,144.976882 -37.841308999999995,144.976882 -37.841209)),((144.997055 -37.838981,144.997155 -37.838981,144.997155 -37.839081,144.997055 -37.839081,144.997055 -37.838981)),((144.997357 -37.836796,144.997457 -37.836796,144.997457 -37.836895999999996,144.997357 -37.836895999999996,144.997357 -37.836796)))', 7844)),
(30, 'VIC334', ST_GeomFromText('MULTIPOLYGON(((144.992978 -37.741318,144.992878 -37.741318,144.992878 -37.741217999999996,144.992978 -37.741217999999996,144.992978 -37.741318)),((145.000302 -37.738092,145.000202 -37.738092,145.000202 -37.737992,145.000302 -37.737992,145.000302 -37.738092)),((145.023617 -37.727354,145.023517 -37.727354,145.023517 -37.727253999999995,145.023617 -37.727253999999995,145.023617 -37.727354)),((145.017428 -37.725967,145.017328 -37.725967,145.017328 -37.725867,145.017428 -37.725867,145.017428 -37.725967)),((145.01967399999998 -37.720762,145.019574 -37.720762,145.019574 -37.720662,145.01967399999998 -37.720662,145.01967399999998 -37.720762)),((144.993383 -37.710684,144.993283 -37.710684,144.993283 -37.710584,144.993383 -37.710584,144.993383 -37.710684)),((144.98440499999998 -37.701933,144.984305 -37.701933,144.984305 -37.701833,144.98440499999998 -37.701833,144.98440499999998 -37.701933)),((145.021302 -37.700171,145.021202 -37.700171,145.021202 -37.700071,145.021302 -37.700071,145.021302 -37.700171)))', 7844)),
(31, 'VIC335', ST_GeomFromText('MULTIPOLYGON(((144.992928 -37.826707,144.992928 -37.826806999999995,144.992828 -37.826806999999995,144.992828 -37.826707,144.992928 -37.826707)),((145.014199 -37.811809,145.014099 -37.811809,145.014099 -37.811709,145.014199 -37.811709,145.014199 -37.811809)),((145.009571 -37.811643,145.009471 -37.811643,145.009471 -37.811543,145.009571 -37.811543,145.009571 -37.811643)),((144.987221 -37.805744,144.987221 -37.805844,144.987121 -37.805844,144.987121 -37.805744,144.987221 -37.805744)),((144.981854 -37.802788,144.981754 -37.802788,144.981754 -37.802687999999996,144.981854 -37.802687999999996,144.981854 -37.802788)),((144.99776799999998 -37.801176,144.997668 -37.801176,144.997668 -37.801075999999995,144.99776799999998 -37.801075999999995,144.99776799999998 -37.801176)))', 7844)),
(32, 'VIC336', ST_GeomFromText('MULTIPOLYGON(((145.259314 -37.824711,145.259414 -37.824711,145.259414 -37.824811,145.259314 -37.824811,145.259314 -37.824711)),((145.23004899999998 -37.805273,145.23014899999998 -37.805273,145.23014899999998 -37.805372999999996,145.23004899999998 -37.805372999999996,145.23004899999998 -37.805273)))', 7844)),
(33, 'VIC337', ST_GeomFromText('MULTIPOLYGON(((143.78364 -37.549625999999996,143.78374 -37.549625999999996,143.78374 -37.549726,143.78364 -37.549726,143.78364 -37.549625999999996)),((143.808968 -36.422626,143.809068 -36.422626,143.809068 -36.422726,143.808968 -36.422726,143.808968 -36.422626)))', 7844)),
(34, 'VIC338', ST_GeomFromText('MULTIPOLYGON(((145.24133999999998 -37.937719,145.24133999999998 -37.937819,145.24124 -37.937819,145.24124 -37.937719,145.24133999999998 -37.937719)),((145.231584 -37.919412,145.231484 -37.919412,145.231484 -37.919312,145.231584 -37.919312,145.231584 -37.919412)),((145.221721 -37.919258,145.221621 -37.919258,145.221621 -37.919157999999996,145.221721 -37.919157999999996,145.221721 -37.919258)),((145.24744099999998 -37.905915,145.247341 -37.905915,145.247341 -37.905815,145.24744099999998 -37.905815,145.24744099999998 -37.905915)),((145.256327 -37.899654,145.256227 -37.899654,145.256227 -37.899553999999995,145.256327 -37.899553999999995,145.256327 -37.899654)),((145.242767 -37.892603,145.24266699999998 -37.892603,145.24266699999998 -37.892503,145.242767 -37.892503,145.242767 -37.892603)),((145.217008 -37.870036999999996,145.216908 -37.870036999999996,145.216908 -37.869937,145.217008 -37.869937,145.217008 -37.870036999999996)))', 7844)),
(35, 'VIC339', ST_GeomFromText('MULTIPOLYGON(((145.066147 -37.986866,145.066047 -37.986866,145.066047 -37.986765999999996,145.066147 -37.986765999999996,145.066147 -37.986866)),((145.06548899999999 -37.981078,145.06538899999998 -37.981078,145.06538899999998 -37.980978,145.06548899999999 -37.980978,145.06548899999999 -37.981078)),((145.013845 -37.967679,145.013745 -37.967679,145.013745 -37.967579,145.013845 -37.967579,145.013845 -37.967679)),((145.04093799999998 -37.962171999999995,145.04083799999998 -37.962171999999995,145.04083799999998 -37.962072,145.04093799999998 -37.962072,145.04093799999998 -37.962171999999995)),((145.038553 -37.958901999999995,145.038453 -37.958901999999995,145.038453 -37.958802,145.038553 -37.958802,145.038553 -37.958901999999995)),((145.039022 -37.951510999999996,145.03892199999999 -37.951510999999996,145.03892199999999 -37.951411,145.039022 -37.951411,145.039022 -37.951510999999996)),((145.035886 -37.945164999999996,145.035786 -37.945164999999996,145.035786 -37.945065,145.035886 -37.945065,145.035886 -37.945164999999996)),((145.004315 -37.942522,145.004215 -37.942522,145.004215 -37.942422,145.004315 -37.942422,145.004315 -37.942522)))', 7844)),
(36, 'VIC340', ST_GeomFromText('MULTIPOLYGON(((145.418738 -36.366067,145.418838 -36.366067,145.418838 -36.366167,145.418738 -36.366167,145.418738 -36.366067)),((145.40720199999998 -36.359932,145.407302 -36.359932,145.407302 -36.360032,145.40720199999998 -36.360032,145.40720199999998 -36.359932)))', 7844)),
(37, 'VIC341', ST_GeomFromText('MULTIPOLYGON(((144.327135 -38.22544,144.327235 -38.22544,144.327235 -38.225539999999995,144.327135 -38.225539999999995,144.327135 -38.22544)),((144.340885 -38.206019999999995,144.340985 -38.206019999999995,144.340985 -38.20612,144.340885 -38.20612,144.340885 -38.206019999999995)))', 7844)),
(38, 'VIC342', ST_GeomFromText('MULTIPOLYGON(((142.517934 -38.376266,142.518034 -38.376266,142.518034 -38.376366,142.517934 -38.376366,142.517934 -38.376266)),((141.597239 -38.360006,141.597339 -38.360006,141.597339 -38.360106,141.597239 -38.360106,141.597239 -38.360006)))', 7844)),
(39, 'VIC343', ST_GeomFromText('MULTIPOLYGON(((144.826526 -37.752272,144.826526 -37.752172,144.826626 -37.752172,144.826626 -37.752272,144.826526 -37.752272)))', 7844)),
(40, 'VIC344', ST_GeomFromText('MULTIPOLYGON(((144.878986 -37.694165,144.878986 -37.694064999999995,144.879086 -37.694064999999995,144.879086 -37.694165,144.878986 -37.694165)))', 7844)),
(41, 'VIC345', ST_GeomFromText('MULTIPOLYGON(((144.751714 -37.721593,144.751714 -37.721692999999995,144.751614 -37.721692999999995,144.751614 -37.721593,144.751714 -37.721593)),((144.73457 -37.718564,144.73457 -37.718664,144.73447 -37.718664,144.73447 -37.718564,144.73457 -37.718564)),((144.779798 -37.706682,144.779798 -37.706782,144.779698 -37.706782,144.779698 -37.706682,144.779798 -37.706682)),((144.713711 -37.693827,144.713711 -37.693926999999995,144.713611 -37.693926999999995,144.713611 -37.693827,144.713711 -37.693827)))', 7844)),
(42, 'VIC346', ST_GeomFromText('MULTIPOLYGON(((144.691685 -37.840635999999996,144.691685 -37.840536,144.69178499999998 -37.840536,144.69178499999998 -37.840635999999996,144.691685 -37.840635999999996)))', 7844)),
(43, 'VIC347', ST_GeomFromText('MULTIPOLYGON(((145.032767 -37.682646,145.03286699999998 -37.682646,145.03286699999998 -37.682746,145.032767 -37.682746,145.032767 -37.682646)),((145.004886 -37.636786,145.004886 -37.636886,145.004786 -37.636886,145.004786 -37.636786,145.004886 -37.636786)),((144.998122 -37.613799,144.998122 -37.613898999999996,144.998022 -37.613898999999996,144.998022 -37.613799,144.998122 -37.613799)))', 7844)),
(44, 'VIC348', ST_GeomFromText('MULTIPOLYGON(((145.14753199999998 -37.786136,145.147632 -37.786136,145.147632 -37.786235999999995,145.14753199999998 -37.786235999999995,145.14753199999998 -37.786136)),((145.252601 -37.777353,145.252701 -37.777353,145.252701 -37.777453,145.252601 -37.777453,145.252601 -37.777353)))', 7844)),
(45, 'VIC349', ST_GeomFromText('MULTIPOLYGON(((143.837459 -37.58329,143.837459 -37.58339,143.837359 -37.58339,143.837359 -37.58329,143.837459 -37.58329)),((143.80038 -37.580254,143.80038 -37.580354,143.80028 -37.580354,143.80028 -37.580254,143.80038 -37.580254)),((143.79020599999998 -37.57342,143.79020599999998 -37.573519999999995,143.79010599999998 -37.573519999999995,143.79010599999998 -37.57342,143.79020599999998 -37.57342)),((143.857136 -37.556013,143.857136 -37.556112999999996,143.857036 -37.556112999999996,143.857036 -37.556013,143.857136 -37.556013)))', 7844)),
(46, 'VIC350', ST_GeomFromText('MULTIPOLYGON(((144.63743499999998 -37.907604,144.63743499999998 -37.907703999999995,144.637335 -37.907703999999995,144.637335 -37.907604,144.63743499999998 -37.907604)),((144.662551 -37.89787,144.662451 -37.89787,144.662451 -37.89777,144.662551 -37.89777,144.662551 -37.89787)),((144.6196 -37.897523,144.6195 -37.897523,144.6195 -37.897422999999996,144.6196 -37.897422999999996,144.6196 -37.897523)),((144.584147 -37.890406,144.584047 -37.890406,144.584047 -37.890305999999995,144.584147 -37.890305999999995,144.584147 -37.890406)),((144.665989 -37.886224,144.665889 -37.886224,144.665889 -37.886123999999995,144.665989 -37.886123999999995,144.665989 -37.886224)),((144.611823 -37.885449,144.61172299999998 -37.885449,144.61172299999998 -37.885349,144.611823 -37.885349,144.611823 -37.885449)),((144.582892 -37.864005,144.58279199999998 -37.864005,144.58279199999998 -37.863904999999995,144.582892 -37.863904999999995,144.582892 -37.864005)))', 7844)),
(47, 'VIC351', ST_GeomFromText('MULTIPOLYGON(((144.908107 -37.864475,144.908207 -37.864475,144.908207 -37.864574999999995,144.908107 -37.864574999999995,144.908107 -37.864475)),((144.835536 -37.830819999999996,144.835636 -37.830819999999996,144.835636 -37.83092,144.835536 -37.83092,144.835536 -37.830819999999996)))', 7844)),
(48, 'VIC352', ST_GeomFromText('MULTIPOLYGON(((145.078962 -37.432846999999995,145.078962 -37.432747,145.079062 -37.432747,145.079062 -37.432846999999995,145.078962 -37.432846999999995)))', 7844)),
(49, 'VIC353', ST_GeomFromText('MULTIPOLYGON(((144.939482 -37.841333999999996,144.939482 -37.841234,144.939582 -37.841234,144.939582 -37.841333999999996,144.939482 -37.841333999999996)),((144.951436 -37.832840999999995,144.951436 -37.832741,144.951536 -37.832741,144.951536 -37.832840999999995,144.951436 -37.832840999999995)),((144.952234 -37.832316999999996,144.952234 -37.832217,144.952334 -37.832217,144.952334 -37.832316999999996,144.952234 -37.832316999999996)),((144.944268 -37.829724,144.944268 -37.829623999999995,144.944368 -37.829623999999995,144.944368 -37.829724,144.944268 -37.829724)),((144.95665 -37.827715999999995,144.95665 -37.827616,144.95675 -37.827616,144.95675 -37.827715999999995,144.95665 -37.827715999999995)),((144.958111 -37.82719,144.958111 -37.82709,144.958211 -37.82709,144.958211 -37.82719,144.958111 -37.82719)),((144.95703 -37.826918,144.95703 -37.826817999999996,144.95713 -37.826817999999996,144.95713 -37.826918,144.95703 -37.826918)),((144.95941299999998 -37.826201,144.95941299999998 -37.826101,144.959513 -37.826101,144.959513 -37.826201,144.95941299999998 -37.826201)),((144.979704 -37.862477,144.979704 -37.862376999999995,144.979804 -37.862376999999995,144.979804 -37.862477,144.979704 -37.862477)),((144.97896799999998 -37.859145999999996,144.97896799999998 -37.859046,144.97906799999998 -37.859046,144.97906799999998 -37.859145999999996,144.97896799999998 -37.859145999999996)),((144.967207 -37.83659,144.967207 -37.83649,144.967307 -37.83649,144.967307 -37.83659,144.967207 -37.83659)),((144.96716999999998 -37.836273999999996,144.96716999999998 -37.836174,144.96726999999998 -37.836174,144.96726999999998 -37.836273999999996,144.96716999999998 -37.836273999999996)),((144.959868 -37.826446,144.959868 -37.826346,144.959968 -37.826346,144.959968 -37.826446,144.959868 -37.826446)),((144.96204 -37.825722999999996,144.96204 -37.825623,144.96214 -37.825623,144.96214 -37.825722999999996,144.96204 -37.825722999999996)),((144.963514 -37.824269,144.963514 -37.824169,144.963614 -37.824169,144.963614 -37.824269,144.963514 -37.824269)),((144.962427 -37.821571,144.962427 -37.821470999999995,144.962527 -37.821470999999995,144.962527 -37.821571,144.962427 -37.821571)))', 7844)),
(50, 'VIC354', ST_GeomFromText('MULTIPOLYGON(((145.098329 -37.883457,145.098329 -37.883556999999996,145.098229 -37.883556999999996,145.098229 -37.883457,145.098329 -37.883457)),((145.138378 -37.88002,145.138378 -37.88012,145.13827799999999 -37.88012,145.13827799999999 -37.88002,145.138378 -37.88002)),((145.09788 -37.872515,145.09788 -37.872614999999996,145.09778 -37.872614999999996,145.09778 -37.872515,145.09788 -37.872515)),((145.10396599999999 -37.868204999999996,145.10386599999998 -37.868204999999996,145.10386599999998 -37.868105,145.10396599999999 -37.868105,145.10396599999999 -37.868204999999996)),((145.107303 -37.859348,145.107203 -37.859348,145.107203 -37.859248,145.107303 -37.859248,145.107303 -37.859348)))', 7844)),
(51, 'VIC355', ST_GeomFromText('MULTIPOLYGON(((145.59822 -38.593405,145.59832 -38.593405,145.59832 -38.593505,145.59822 -38.593505,145.59822 -38.593405)),((145.27736299999998 -38.506754,145.27736299999998 -38.506854,145.277263 -38.506854,145.277263 -38.506754,145.27736299999998 -38.506754)),((145.236313 -38.195976,145.236313 -38.196076,145.236213 -38.196076,145.236213 -38.195976,145.236313 -38.195976)))', 7844)),
(52, 'VIC356', ST_GeomFromText('MULTIPOLYGON(((145.277191 -37.883286999999996,145.277191 -37.883387,145.27709099999998 -37.883387,145.27709099999998 -37.883286999999996,145.277191 -37.883286999999996)),((145.275274 -37.865066,145.275174 -37.865066,145.275174 -37.864965999999995,145.275274 -37.864965999999995,145.275274 -37.865066)),((145.229763 -37.854509,145.229663 -37.854509,145.229663 -37.854409,145.229763 -37.854409,145.229763 -37.854509)),((145.227271 -37.853570999999995,145.227271 -37.853671,145.227171 -37.853671,145.227171 -37.853570999999995,145.227271 -37.853570999999995)),((145.270116 -37.845984,145.270016 -37.845984,145.270016 -37.845884,145.270116 -37.845884,145.270116 -37.845984)),((145.264475 -37.843381,145.264375 -37.843381,145.264375 -37.843281,145.264475 -37.843281,145.264475 -37.843381)))', 7844)),
(53, 'VIC357', ST_GeomFromText('MULTIPOLYGON(((144.516693 -38.269857,144.516593 -38.269857,144.516593 -38.269757,144.516693 -38.269757,144.516693 -38.269857)),((144.544446 -38.269473999999995,144.544346 -38.269473999999995,144.544346 -38.269374,144.544446 -38.269374,144.544446 -38.269473999999995)),((144.490313 -38.266509,144.49021299999998 -38.266509,144.49021299999998 -38.266408999999996,144.490313 -38.266408999999996,144.490313 -38.266509)),((144.55461599999998 -38.261576,144.55461599999998 -38.261476,144.55471599999998 -38.261476,144.55471599999998 -38.261576,144.55461599999998 -38.261576)),((144.462365 -38.202529,144.462365 -38.202428999999995,144.46246499999998 -38.202428999999995,144.46246499999998 -38.202529,144.462365 -38.202529)),((144.45849099999998 -38.18684,144.458391 -38.18684,144.458391 -38.18674,144.45849099999998 -38.18674,144.45849099999998 -38.18684)),((144.713034 -38.183564,144.712934 -38.183564,144.712934 -38.183464,144.713034 -38.183464,144.713034 -38.183564)),((144.5575 -38.162856,144.5574 -38.162856,144.5574 -38.162756,144.5575 -38.162756,144.5575 -38.162856)),((144.70917 -38.137007,144.70917 -38.136907,144.70927 -38.136907,144.70927 -38.137007,144.70917 -38.137007)),((144.641112 -38.111441,144.641112 -38.111340999999996,144.641212 -38.111340999999996,144.641212 -38.111441,144.641112 -38.111441)))', 7844)),
(54, 'VIC358', ST_GeomFromText('MULTIPOLYGON(((147.11773399999998 -36.365702,147.11763399999998 -36.365702,147.11763399999998 -36.365601999999996,147.11773399999998 -36.365601999999996,147.11773399999998 -36.365702)),((146.946947 -36.185491,146.946847 -36.185491,146.946847 -36.185390999999996,146.946947 -36.185390999999996,146.946947 -36.185491)),((146.86129499999998 -36.136454,146.86119499999998 -36.136454,146.86119499999998 -36.136354,146.86129499999998 -36.136354,146.86129499999998 -36.136454)),((146.90518799999998 -36.131795,146.905088 -36.131795,146.905088 -36.131695,146.90518799999998 -36.131695,146.90518799999998 -36.131795)),((146.84240499999999 -36.126823,146.84230499999998 -36.126823,146.84230499999998 -36.126722,146.84240499999999 -36.126722,146.84240499999999 -36.126823)),((147.989251 -36.126503,147.989151 -36.126503,147.989151 -36.126402999999996,147.989251 -36.126402999999996,147.989251 -36.126503)),((146.89494299999998 -36.126225999999996,146.89484299999998 -36.126225999999996,146.89484299999998 -36.126126,146.89494299999998 -36.126126,146.89494299999998 -36.126225999999996)),((146.859352 -36.116755,146.859252 -36.116755,146.859252 -36.116655,146.859352 -36.116655,146.859352 -36.116755)))', 7844)),
(55, 'VIC359', ST_GeomFromText('MULTIPOLYGON(((144.336329 -36.793679999999995,144.336329 -36.79378,144.336229 -36.79378,144.336229 -36.793679999999995,144.336329 -36.793679999999995)),((144.307909 -36.741530999999995,144.307909 -36.741631,144.307809 -36.741631,144.307809 -36.741530999999995,144.307909 -36.741530999999995)),((144.289135 -36.712955,144.289135 -36.713055,144.28903499999998 -36.713055,144.28903499999998 -36.712955,144.289135 -36.712955)),((144.28407099999998 -36.708383999999995,144.28407099999998 -36.708484,144.28397099999998 -36.708484,144.28397099999998 -36.708383999999995,144.28407099999998 -36.708383999999995)))', 7844)),
(56, 'VIC360', ST_GeomFromText('MULTIPOLYGON(((144.04559799999998 -37.064997999999996,144.04559799999998 -37.065098,144.04549799999998 -37.065098,144.04549799999998 -37.064997999999996,144.04559799999998 -37.064997999999996)),((144.181579 -36.988797999999996,144.181479 -36.988797999999996,144.181479 -36.988698,144.181579 -36.988698,144.181579 -36.988797999999996)),((144.233915 -36.778974,144.233815 -36.778974,144.233815 -36.778874,144.233915 -36.778874,144.233915 -36.778974)),((144.285431 -36.750631999999996,144.285431 -36.750732,144.28533099999999 -36.750732,144.28533099999999 -36.750631999999996,144.285431 -36.750631999999996)),((144.279446 -36.745512999999995,144.279346 -36.745512999999995,144.279346 -36.745413,144.279446 -36.745413,144.279446 -36.745512999999995)),((144.1303 -36.728214,144.1302 -36.728214,144.1302 -36.728114,144.1303 -36.728114,144.1303 -36.728214)))', 7844)),
(57, 'VIC361', ST_GeomFromText('MULTIPOLYGON(((145.05526899999998 -37.956457,145.05526899999998 -37.956557,145.055169 -37.956557,145.055169 -37.956457,145.05526899999998 -37.956457)),((145.066711 -37.953627,145.066711 -37.953727,145.066611 -37.953727,145.066611 -37.953627,145.066711 -37.953627)),((145.03829299999998 -37.935134,145.03829299999998 -37.935234,145.038193 -37.935234,145.038193 -37.935134,145.03829299999998 -37.935134)),((145.050401 -37.925765,145.050301 -37.925765,145.050301 -37.925664999999995,145.050401 -37.925664999999995,145.050401 -37.925765)),((145.050269 -37.909199,145.05016899999998 -37.909199,145.05016899999998 -37.909099,145.050269 -37.909099,145.050269 -37.909199)))', 7844)),
(58, 'VIC363', ST_GeomFromText('MULTIPOLYGON(((145.122009 -37.843244,145.122009 -37.843343999999995,145.121909 -37.843343999999995,145.121909 -37.843244,145.122009 -37.843244)),((145.111051 -37.842565,145.110951 -37.842565,145.110951 -37.842465,145.111051 -37.842465,145.111051 -37.842565)),((145.11687799999999 -37.817915,145.11677799999998 -37.817915,145.11677799999998 -37.817814999999996,145.11687799999999 -37.817814999999996,145.11687799999999 -37.817915)),((145.12311 -37.816046,145.12311 -37.816145999999996,145.12301 -37.816145999999996,145.12301 -37.816046,145.12311 -37.816046)),((145.115424 -37.809733,145.115324 -37.809733,145.115324 -37.809633,145.115424 -37.809633,145.115424 -37.809733)),((145.152591 -37.801669,145.152491 -37.801669,145.152491 -37.801569,145.152591 -37.801569,145.152591 -37.801669)))', 7844)),
(59, 'VIC364', ST_GeomFromText('MULTIPOLYGON(((145.016158 -37.931931999999996,145.016158 -37.932032,145.016058 -37.932032,145.016058 -37.931931999999996,145.016158 -37.931931999999996)),((145.003694 -37.930347,145.003594 -37.930347,145.003594 -37.930247,145.003694 -37.930247,145.003694 -37.930347)),((144.991431 -37.91066,144.991331 -37.91066,144.991331 -37.91056,144.991431 -37.91056,144.991431 -37.91066)),((145.007297 -37.904999,145.007197 -37.904999,145.007197 -37.904899,145.007297 -37.904899,145.007297 -37.904999)),((145.000915 -37.903642999999995,145.000815 -37.903642999999995,145.000815 -37.903543,145.000915 -37.903543,145.000915 -37.903642999999995)),((144.993372 -37.895233999999995,144.993272 -37.895233999999995,144.993272 -37.895134,144.993372 -37.895134,144.993372 -37.895233999999995)),((144.99672999999999 -37.887952,144.99662999999998 -37.887952,144.99662999999998 -37.887851999999995,144.99672999999999 -37.887851999999995,144.99672999999999 -37.887952)))', 7844)),
(60, 'VIC365', ST_GeomFromText('MULTIPOLYGON(((144.916184 -37.722063,144.91608399999998 -37.722063,144.91608399999998 -37.721962999999995,144.916184 -37.721962999999995,144.916184 -37.722063)),((144.916431 -37.72175,144.91633099999999 -37.72175,144.91633099999999 -37.72165,144.916431 -37.72165,144.916431 -37.72175)),((144.911746 -37.708517,144.911646 -37.708517,144.911646 -37.708417,144.911746 -37.708417,144.911746 -37.708517)),((144.965968 -37.696121,144.965868 -37.696121,144.965868 -37.696021,144.965968 -37.696021,144.965968 -37.696121)),((144.92755499999998 -37.691699,144.92745499999998 -37.691699,144.92745499999998 -37.691599,144.92755499999998 -37.691599,144.92755499999998 -37.691699)),((144.933879 -37.688711999999995,144.933779 -37.688711999999995,144.933779 -37.688612,144.933879 -37.688612,144.933879 -37.688711999999995)),((144.932381 -37.687939,144.932281 -37.687939,144.932281 -37.687839,144.932381 -37.687839,144.932381 -37.687939)),((144.919388 -37.684309,144.919288 -37.684309,144.919288 -37.684208999999996,144.919388 -37.684208999999996,144.919388 -37.684309)))', 7844)),
(61, 'VIC366', ST_GeomFromText('MULTIPOLYGON(((144.97522 -37.774344,144.97531999999998 -37.774344,144.97531999999998 -37.774443999999995,144.97522 -37.774443999999995,144.97522 -37.774344)),((144.97312599999998 -37.764914,144.97312599999998 -37.765014,144.973026 -37.765014,144.973026 -37.764914,144.97312599999998 -37.764914)),((144.945699 -37.764015,144.945699 -37.764115,144.945599 -37.764115,144.945599 -37.764015,144.945699 -37.764015)))', 7844)),
(62, 'VIC367', ST_GeomFromText('MULTIPOLYGON(((145.13169399999998 -37.775296999999995,145.13169399999998 -37.775397,145.131594 -37.775397,145.131594 -37.775296999999995,145.13169399999998 -37.775296999999995)),((145.14962699999998 -37.773191,145.14962699999998 -37.773291,145.149527 -37.773291,145.149527 -37.773191,145.14962699999998 -37.773191)),((145.095584 -37.768642,145.095584 -37.768741999999996,145.095484 -37.768741999999996,145.095484 -37.768642,145.095584 -37.768642)),((145.158286 -37.753544,145.158286 -37.753644,145.158186 -37.753644,145.158186 -37.753544,145.158286 -37.753544)))', 7844)),
(63, 'VIC368', ST_GeomFromText('MULTIPOLYGON(((145.027852 -37.71411,145.027952 -37.71411,145.027952 -37.71421,145.027852 -37.71421,145.027852 -37.71411)),((145.056513 -37.713336999999996,145.056513 -37.713437,145.056413 -37.713437,145.056413 -37.713336999999996,145.056513 -37.713336999999996)),((145.082188 -37.710408,145.082188 -37.710508,145.082088 -37.710508,145.082088 -37.710408,145.082188 -37.710408)))', 7844)),
(64, 'VIC369', ST_GeomFromText('MULTIPOLYGON(((145.183547 -38.088321,145.18364699999998 -38.088321,145.18364699999998 -38.088421,145.183547 -38.088421,145.183547 -38.088321)),((145.126082 -38.056121,145.126182 -38.056121,145.126182 -38.056221,145.126082 -38.056221,145.126082 -38.056121)))', 7844)),
(65, 'VIC370', ST_GeomFromText('MULTIPOLYGON(((145.009334 -37.896851999999996,145.009334 -37.896952,145.009234 -37.896952,145.009234 -37.896851999999996,145.009334 -37.896851999999996)),((145.015157 -37.891759,145.015157 -37.891859,145.01505699999998 -37.891859,145.01505699999998 -37.891759,145.015157 -37.891759)),((144.998333 -37.884586999999996,144.998333 -37.884687,144.998233 -37.884687,144.998233 -37.884586999999996,144.998333 -37.884586999999996)),((145.005091 -37.866544999999995,145.005091 -37.866645,145.004991 -37.866645,145.004991 -37.866544999999995,145.005091 -37.866544999999995)))', 7844)),
(66, 'VIC371', ST_GeomFromText('MULTIPOLYGON(((145.14908 -37.970453,145.14908 -37.970552999999995,145.14898 -37.970552999999995,145.14898 -37.970453,145.14908 -37.970453)),((145.067476 -37.966958999999996,145.067476 -37.967059,145.067376 -37.967059,145.067376 -37.966958999999996,145.067476 -37.966958999999996)),((145.081 -37.953429,145.081 -37.953528999999996,145.08089999999999 -37.953528999999996,145.08089999999999 -37.953429,145.081 -37.953429)),((145.100076 -37.930876,145.100076 -37.930976,145.099976 -37.930976,145.099976 -37.930876,145.100076 -37.930876)))', 7844)),
(67, 'VIC372', ST_GeomFromText('MULTIPOLYGON(((145.293367 -38.138397,145.293367 -38.138497,145.293267 -38.138497,145.293267 -38.138397,145.293367 -38.138397)),((145.300756 -38.119226999999995,145.300756 -38.119327,145.300656 -38.119327,145.300656 -38.119226999999995,145.300756 -38.119226999999995)),((145.249454 -38.112952,145.249454 -38.113051999999996,145.24935399999998 -38.113051999999996,145.24935399999998 -38.112952,145.249454 -38.112952)),((145.28732399999998 -38.101426,145.28732399999998 -38.101526,145.28722399999998 -38.101526,145.28722399999998 -38.101426,145.28732399999998 -38.101426)))', 7844)),
(68, 'VIC373', ST_GeomFromText('MULTIPOLYGON(((145.26787 -37.833611999999995,145.26797 -37.833611999999995,145.26797 -37.833712,145.26787 -37.833712,145.26787 -37.833611999999995)),((145.309799 -37.806993999999996,145.309799 -37.807094,145.309699 -37.807094,145.309699 -37.806993999999996,145.309799 -37.806993999999996)),((145.280596 -37.799462999999996,145.280596 -37.799563,145.280496 -37.799563,145.280496 -37.799462999999996,145.280596 -37.799462999999996)))', 7844)),
(69, 'VIC374', ST_GeomFromText('MULTIPOLYGON(((145.167411 -37.973805,145.167511 -37.973805,145.167511 -37.973904999999995,145.167411 -37.973904999999995,145.167411 -37.973805)),((145.213834 -37.963696,145.213934 -37.963696,145.213934 -37.963795999999995,145.213834 -37.963795999999995,145.213834 -37.963696)))', 7844)),
(70, 'VIC375', ST_GeomFromText('MULTIPOLYGON(((145.536381 -37.649267,145.536381 -37.649367,145.536281 -37.649367,145.536281 -37.649267,145.536381 -37.649267)),((145.37842899999998 -37.635444,145.37842899999998 -37.635543999999996,145.37832899999998 -37.635543999999996,145.37832899999998 -37.635444,145.37842899999998 -37.635444)),((146.444514 -37.145114,146.444514 -37.145213999999996,146.444414 -37.145213999999996,146.444414 -37.145114,146.444514 -37.145114)),((146.012652 -37.068975,146.012652 -37.069075,146.012552 -37.069075,146.012552 -37.068975,146.012652 -37.068975)))', 7844)),
(71, 'VIC376', ST_GeomFromText('MULTIPOLYGON(((145.148258 -37.719007,145.148358 -37.719007,145.148358 -37.719107,145.148258 -37.719107,145.148258 -37.719007)),((145.160363 -37.716024,145.160463 -37.716024,145.160463 -37.716124,145.160363 -37.716124,145.160363 -37.716024)))', 7844)),
(72, 'VIC377', ST_GeomFromText('MULTIPOLYGON(((144.93724699999999 -37.786853,144.93724699999999 -37.786953,144.93714699999998 -37.786953,144.93714699999998 -37.786853,144.93724699999999 -37.786853)),((144.91619699999998 -37.782319,144.91619699999998 -37.782419,144.91609699999998 -37.782419,144.91609699999998 -37.782319,144.91619699999998 -37.782319)),((144.910155 -37.778565,144.910155 -37.778665,144.910055 -37.778665,144.910055 -37.778565,144.910155 -37.778565)),((144.928533 -37.758776,144.928533 -37.758876,144.92843299999998 -37.758876,144.92843299999998 -37.758776,144.928533 -37.758776)))', 7844)),
(73, 'VIC378', ST_GeomFromText('MULTIPOLYGON(((143.792624 -37.839155999999996,143.792624 -37.839256,143.792524 -37.839256,143.792524 -37.839155999999996,143.792624 -37.839155999999996)),((143.885017 -37.69867,143.885017 -37.698769999999996,143.884917 -37.698769999999996,143.884917 -37.69867,143.885017 -37.69867)),((144.43021299999998 -37.686419,144.43021299999998 -37.686519,144.430113 -37.686519,144.430113 -37.686419,144.43021299999998 -37.686419)),((144.41886499999998 -37.673635999999995,144.41886499999998 -37.673736,144.418765 -37.673736,144.418765 -37.673635999999995,144.41886499999998 -37.673635999999995)))', 7844)),
(74, 'VIC379', ST_GeomFromText('MULTIPOLYGON(((144.932822 -37.293326,144.93272199999998 -37.293326,144.93272199999998 -37.293226,144.932822 -37.293226,144.932822 -37.293326)),((144.782651 -36.955617,144.78255099999998 -36.955617,144.78255099999998 -36.955517,144.782651 -36.955517,144.782651 -36.955617)),((144.538195 -36.88754,144.538095 -36.88754,144.538095 -36.88744,144.538195 -36.88744,144.538195 -36.88754)),((145.155456 -36.781458,145.15535599999998 -36.781458,145.15535599999998 -36.781358,145.155456 -36.781358,145.155456 -36.781458)),((144.770773 -36.762142,144.770673 -36.762142,144.770673 -36.762042,144.770773 -36.762042,144.770773 -36.762142)),((145.577043 -36.755353,145.576943 -36.755353,145.576943 -36.755252999999996,145.577043 -36.755252999999996,145.577043 -36.755353)),((145.16893299999998 -36.751913,145.168833 -36.751913,145.168833 -36.751813,145.16893299999998 -36.751813,145.16893299999998 -36.751913)),((145.99075299999998 -36.557082,145.99075299999998 -36.556982,145.990853 -36.556982,145.990853 -36.557082,145.99075299999998 -36.557082)),((145.975078 -36.555754,145.975078 -36.555654,145.975178 -36.555654,145.975178 -36.555754,145.975078 -36.555754)))', 7844)),
(75, 'VIC380', ST_GeomFromText('MULTIPOLYGON(((145.37539999999998 -37.800948999999996,145.37539999999998 -37.800849,145.3755 -37.800849,145.3755 -37.800948999999996,145.37539999999998 -37.800948999999996)))', 7844)),
(76, 'VIC381', ST_GeomFromText('MULTIPOLYGON(((144.902548 -37.798831,144.902648 -37.798831,144.902648 -37.798930999999996,144.902548 -37.798930999999996,144.902548 -37.798831)),((144.889046 -37.795159,144.889046 -37.795259,144.888946 -37.795259,144.888946 -37.795159,144.889046 -37.795159)),((144.88191799999998 -37.790769,144.88191799999998 -37.790869,144.88181799999998 -37.790869,144.88181799999998 -37.790769,144.88191799999998 -37.790769)))', 7844)),
(77, 'VIC382', ST_GeomFromText('MULTIPOLYGON(((145.131973 -38.131114,145.132073 -38.131114,145.132073 -38.131214,145.131973 -38.131214,145.131973 -38.131114)),((145.147821 -38.122166,145.147921 -38.122166,145.147921 -38.122265999999996,145.147821 -38.122265999999996,145.147821 -38.122166)))', 7844)),
(78, 'VIC383', ST_GeomFromText('MULTIPOLYGON(((144.374045 -38.167355,144.374145 -38.167355,144.374145 -38.167455,144.374045 -38.167455,144.374045 -38.167355)),((144.35019499999999 -38.138982,144.350295 -38.138982,144.350295 -38.139081999999995,144.35019499999999 -38.139081999999995,144.35019499999999 -38.138982)))', 7844)),
(79, 'VIC384', ST_GeomFromText('MULTIPOLYGON(((147.637788 -37.825305,147.637888 -37.825305,147.637888 -37.825404999999996,147.637788 -37.825404999999996,147.637788 -37.825305)),((147.59743799999998 -37.823541999999996,147.597538 -37.823541999999996,147.597538 -37.823642,147.59743799999998 -37.823642,147.59743799999998 -37.823541999999996)))', 7844)),
(80, 'VIC385', ST_GeomFromText('MULTIPOLYGON(((145.788953 -38.679223,145.788953 -38.679323,145.788853 -38.679323,145.788853 -38.679223,145.788953 -38.679223)),((145.936323 -38.472145999999995,145.936323 -38.472246,145.93622299999998 -38.472246,145.93622299999998 -38.472145999999995,145.936323 -38.472145999999995)),((145.83105999999998 -38.440076,145.83105999999998 -38.440176,145.83096 -38.440176,145.83096 -38.440076,145.83105999999998 -38.440076)),((147.062696 -38.104406,147.06259599999998 -38.104406,147.06259599999998 -38.104306,147.062696 -38.104306,147.062696 -38.104406)),((147.059574 -38.10059,147.059474 -38.10059,147.059474 -38.10049,147.059574 -38.10049,147.059574 -38.10059)))', 7844)),
(81, 'VIC386', ST_GeomFromText('MULTIPOLYGON(((145.194496 -37.837689999999995,145.194496 -37.83759,145.194596 -37.83759,145.194596 -37.837689999999995,145.194496 -37.837689999999995)))', 7844)),
(82, 'VIC387', ST_GeomFromText('MULTIPOLYGON(((144.925526 -37.657897,144.925526 -37.657997,144.925426 -37.657997,144.925426 -37.657897,144.925526 -37.657897)),((144.924837 -37.649698,144.924837 -37.649798,144.924737 -37.649798,144.924737 -37.649698,144.924837 -37.649698)),((144.873132 -37.640637,144.873132 -37.640737,144.873032 -37.640737,144.873032 -37.640637,144.873132 -37.640637)),((144.934201 -37.632934,144.934201 -37.633033999999995,144.934101 -37.633033999999995,144.934101 -37.632934,144.934201 -37.632934)))', 7844)),
(83, 'VIC388', ST_GeomFromText('MULTIPOLYGON(((145.18948699999999 -38.315371999999996,145.189587 -38.315371999999996,145.189587 -38.315472,145.18948699999999 -38.315472,145.18948699999999 -38.315371999999996)),((145.17743199999998 -38.154922,145.17753199999999 -38.154922,145.17753199999999 -38.155021999999995,145.17743199999998 -38.155021999999995,145.17743199999998 -38.154922)))', 7844)),
(84, 'VIC389', ST_GeomFromText('MULTIPOLYGON(((145.04126499999998 -37.838466,145.041165 -37.838466,145.041165 -37.838366,145.04126499999998 -37.838366,145.04126499999998 -37.838466)),((145.07387 -37.838097,145.07377 -37.838097,145.07377 -37.837997,145.07387 -37.837997,145.07387 -37.838097)),((145.09402699999998 -37.836247,145.09392699999998 -37.836247,145.09392699999998 -37.836147,145.09402699999998 -37.836147,145.09402699999998 -37.836247)),((145.045404 -37.829941,145.045304 -37.829941,145.045304 -37.829841,145.045404 -37.829841,145.045404 -37.829941)),((145.034385 -37.827000999999996,145.03428499999998 -37.827000999999996,145.03428499999998 -37.826901,145.034385 -37.826901,145.034385 -37.827000999999996)),((145.042969 -37.826647,145.042869 -37.826647,145.042869 -37.826547,145.042969 -37.826547,145.042969 -37.826647)),((145.08381 -37.824183,145.08371 -37.824183,145.08371 -37.824083,145.08381 -37.824083,145.08381 -37.824183)),((145.060992 -37.822610999999995,145.060992 -37.822511,145.061092 -37.822511,145.061092 -37.822610999999995,145.060992 -37.822610999999995)),((145.0204 -37.812968,145.0204 -37.812868,145.0205 -37.812868,145.0205 -37.812968,145.0204 -37.812968)))', 7844)),
(85, 'VIC390', ST_GeomFromText('MULTIPOLYGON(((145.046801 -37.772652,145.046801 -37.772752,145.04670099999998 -37.772752,145.04670099999998 -37.772652,145.046801 -37.772652)),((145.057389 -37.769256999999996,145.057389 -37.769357,145.057289 -37.769357,145.057289 -37.769256999999996,145.057389 -37.769256999999996)),((145.05499799999998 -37.741934,145.05499799999998 -37.742034,145.05489799999998 -37.742034,145.05489799999998 -37.741934,145.05499799999998 -37.741934)),((145.044926 -37.739284999999995,145.044826 -37.739284999999995,145.044826 -37.739185,145.044926 -37.739185,145.044926 -37.739284999999995)),((145.059953 -37.734221999999995,145.059853 -37.734221999999995,145.059853 -37.734122,145.059953 -37.734122,145.059953 -37.734221999999995)))', 7844)),
(86, 'VIC391', ST_GeomFromText('MULTIPOLYGON(((144.904033 -37.541579,144.904033 -37.541678999999995,144.903933 -37.541678999999995,144.903933 -37.541579,144.904033 -37.541579)),((144.940958 -37.530954,144.940958 -37.531054,144.940858 -37.531054,144.940858 -37.530954,144.940958 -37.530954)),((144.953451 -37.480778,144.953451 -37.480878,144.953351 -37.480878,144.953351 -37.480778,144.953451 -37.480778)),((144.97384 -37.417932,144.97384 -37.418032,144.97374 -37.418032,144.97374 -37.417932,144.97384 -37.417932)))', 7844)),
(87, 'VIC392', ST_GeomFromText('MULTIPOLYGON(((144.123597 -37.312197999999995,144.123697 -37.312197999999995,144.123697 -37.312298,144.123597 -37.312298,144.123597 -37.312197999999995)),((144.18630299999998 -37.169118999999995,144.18630299999998 -37.169219,144.186203 -37.169219,144.186203 -37.169118999999995,144.18630299999998 -37.169118999999995)),((144.04559799999998 -37.064997999999996,144.04559799999998 -37.065098,144.04549799999998 -37.065098,144.04549799999998 -37.064997999999996,144.04559799999998 -37.064997999999996)),((144.181579 -36.988698,144.181579 -36.988797999999996,144.181479 -36.988797999999996,144.181479 -36.988698,144.181579 -36.988698)),((144.336329 -36.793679999999995,144.336329 -36.79378,144.336229 -36.79378,144.336229 -36.793679999999995,144.336329 -36.793679999999995)),((144.233915 -36.778874,144.233915 -36.778974,144.233815 -36.778974,144.233815 -36.778874,144.233915 -36.778874)),((144.285431 -36.750631999999996,144.285431 -36.750732,144.28533099999999 -36.750732,144.28533099999999 -36.750631999999996,144.285431 -36.750631999999996)),((144.279446 -36.745413,144.279446 -36.745512999999995,144.279346 -36.745512999999995,144.279346 -36.745413,144.279446 -36.745413)),((144.307909 -36.741530999999995,144.307909 -36.741631,144.307809 -36.741631,144.307809 -36.741530999999995,144.307909 -36.741530999999995)),((144.1303 -36.728114,144.1303 -36.728214,144.1302 -36.728214,144.1302 -36.728114,144.1303 -36.728114)),((144.289135 -36.712955,144.289135 -36.713055,144.28903499999998 -36.713055,144.28903499999998 -36.712955,144.289135 -36.712955)),((144.28407099999998 -36.708383999999995,144.28407099999998 -36.708484,144.28397099999998 -36.708484,144.28397099999998 -36.708383999999995,144.28407099999998 -36.708383999999995)),((144.246198 -35.940747,144.246198 -35.940847,144.246098 -35.940847,144.246098 -35.940747,144.246198 -35.940747)),((143.554389 -35.909411,143.554389 -35.909510999999995,143.55428899999998 -35.909510999999995,143.55428899999998 -35.909411,143.554389 -35.909411)),((143.92353699999998 -35.733174,143.92353699999998 -35.733274,143.923437 -35.733274,143.923437 -35.733174,143.92353699999998 -35.733174)),((143.268377 -35.475927999999996,143.268377 -35.476028,143.26827699999998 -35.476028,143.26827699999998 -35.475927999999996,143.268377 -35.475927999999996)),((143.490907 -35.306535,143.490907 -35.306635,143.490807 -35.306635,143.490807 -35.306535,143.490907 -35.306535)),((142.036509 -34.242405999999995,142.036509 -34.242506,142.036409 -34.242506,142.036409 -34.242405999999995,142.036509 -34.242405999999995)),((142.14422199999998 -34.233306999999996,142.14422199999998 -34.233407,142.14412199999998 -34.233407,142.14412199999998 -34.233306999999996,142.14422199999998 -34.233306999999996)),((142.124667 -34.199984,142.124667 -34.200084,142.12456699999998 -34.200084,142.12456699999998 -34.199984,142.124667 -34.199984)),((142.059767 -34.166658999999996,142.059767 -34.166759,142.059667 -34.166759,142.059667 -34.166658999999996,142.059767 -34.166658999999996)),((145.536381 -37.649267,145.536381 -37.649367,145.536281 -37.649367,145.536281 -37.649267,145.536381 -37.649267)),((145.37842899999998 -37.635444,145.37842899999998 -37.635543999999996,145.37832899999998 -37.635543999999996,145.37832899999998 -37.635444,145.37842899999998 -37.635444)),((144.63761599999998 -37.547955,144.63761599999998 -37.548055,144.637516 -37.548055,144.637516 -37.547955,144.63761599999998 -37.547955)),((144.584395 -37.490117,144.584395 -37.490217,144.584295 -37.490217,144.584295 -37.490117,144.584395 -37.490117)),((144.695133 -37.466662,144.695133 -37.466761999999996,144.695033 -37.466761999999996,144.695033 -37.466662,144.695133 -37.466662)),((145.079062 -37.432747,145.079062 -37.432846999999995,145.078962 -37.432846999999995,145.078962 -37.432747,145.079062 -37.432747)),((144.73288599999998 -37.360531,144.73288599999998 -37.360631,144.732786 -37.360631,144.732786 -37.360531,144.73288599999998 -37.360531)),((144.414404 -37.321903,144.414404 -37.322002999999995,144.414304 -37.322002999999995,144.414304 -37.321903,144.414404 -37.321903)),((144.932822 -37.293226,144.932822 -37.293326,144.93272199999998 -37.293326,144.93272199999998 -37.293226,144.932822 -37.293226)),((144.782651 -36.955517,144.782651 -36.955617,144.78255099999998 -36.955617,144.78255099999998 -36.955517,144.782651 -36.955517)),((144.538095 -36.88744,144.538195 -36.88744,144.538195 -36.88754,144.538095 -36.88754,144.538095 -36.88744)),((145.155456 -36.781358,145.155456 -36.781458,145.15535599999998 -36.781458,145.15535599999998 -36.781358,145.155456 -36.781358)),((144.770773 -36.762042,144.770773 -36.762142,144.770673 -36.762142,144.770673 -36.762042,144.770773 -36.762042)),((145.577043 -36.755252999999996,145.577043 -36.755353,145.576943 -36.755353,145.576943 -36.755252999999996,145.577043 -36.755252999999996)),((145.16893299999998 -36.751813,145.16893299999998 -36.751913,145.168833 -36.751913,145.168833 -36.751813,145.16893299999998 -36.751813)),((145.418838 -36.366067,145.418838 -36.366167,145.418738 -36.366167,145.418738 -36.366067,145.418838 -36.366067)),((145.407302 -36.359932,145.407302 -36.360032,145.40720199999998 -36.360032,145.40720199999998 -36.359932,145.407302 -36.359932)),((144.479847 -36.312277,144.479847 -36.312377,144.479747 -36.312377,144.479747 -36.312277,144.479847 -36.312277)),((145.05306 -36.311384,145.05306 -36.311484,145.05295999999998 -36.311484,145.05295999999998 -36.311384,145.05306 -36.311384)),((144.55468399999998 -36.01108,144.55468399999998 -36.011179999999996,144.554584 -36.011179999999996,144.554584 -36.01108,144.55468399999998 -36.01108)),((144.484285 -35.979469,144.484285 -35.979569,144.484185 -35.979569,144.484185 -35.979469,144.484285 -35.979469)),((146.444514 -37.145114,146.444514 -37.145213999999996,146.444414 -37.145213999999996,146.444414 -37.145114,146.444514 -37.145114)),((146.012652 -37.068975,146.012652 -37.069075,146.012552 -37.069075,146.012552 -37.068975,146.012652 -37.068975)),((147.27789099999998 -36.865071,147.27789099999998 -36.865171,147.27779099999998 -36.865171,147.27779099999998 -36.865071,147.27789099999998 -36.865071)),((147.156868 -36.746879,147.156868 -36.746978999999996,147.156768 -36.746978999999996,147.156768 -36.746879,147.156868 -36.746879)),((145.990853 -36.556982,145.990853 -36.557082,145.99075299999998 -36.557082,145.99075299999998 -36.556982,145.990853 -36.556982)),((145.975178 -36.555654,145.975178 -36.555754,145.975078 -36.555754,145.975078 -36.555654,145.975178 -36.555654)),((147.03932899999998 -36.479078,147.03932899999998 -36.479178,147.039229 -36.479178,147.039229 -36.479078,147.03932899999998 -36.479078)),((146.388287 -36.439478,146.388287 -36.439578,146.388187 -36.439578,146.388187 -36.439478,146.388287 -36.439478)),((146.578938 -36.420637,146.578938 -36.420736999999995,146.578838 -36.420736999999995,146.578838 -36.420637,146.578938 -36.420637)),((147.11773399999998 -36.365601999999996,147.11773399999998 -36.365702,147.11763399999998 -36.365702,147.11763399999998 -36.365601999999996,147.11773399999998 -36.365601999999996)),((146.288185 -36.339601,146.288185 -36.339701,146.288085 -36.339701,146.288085 -36.339601,146.288185 -36.339601)),((146.26171399999998 -36.289874,146.26171399999998 -36.289974,146.26161399999998 -36.289974,146.26161399999998 -36.289874,146.26171399999998 -36.289874)),((146.946947 -36.185390999999996,146.946947 -36.185491,146.946847 -36.185491,146.946847 -36.185390999999996,146.946947 -36.185390999999996)),((146.86129499999998 -36.136354,146.86129499999998 -36.136454,146.86119499999998 -36.136454,146.86119499999998 -36.136354,146.86129499999998 -36.136354)),((146.90518799999998 -36.131695,146.90518799999998 -36.131795,146.905088 -36.131795,146.905088 -36.131695,146.90518799999998 -36.131695)),((146.84240499999999 -36.126722,146.84240499999999 -36.126823,146.84230499999998 -36.126823,146.84230499999998 -36.126722,146.84240499999999 -36.126722)),((147.989251 -36.126402999999996,147.989251 -36.126503,147.989151 -36.126503,147.989151 -36.126402999999996,147.989251 -36.126402999999996)),((146.89494299999998 -36.126126,146.89494299999998 -36.126225999999996,146.89484299999998 -36.126225999999996,146.89484299999998 -36.126126,146.89494299999998 -36.126126)),((146.859352 -36.116655,146.859352 -36.116755,146.859252 -36.116755,146.859252 -36.116655,146.859352 -36.116655)),((146.018551 -36.008009,146.018551 -36.008109,146.018451 -36.008109,146.018451 -36.008009,146.018551 -36.008009)))', 7844)),
(88, 'VIC393', ST_GeomFromText('MULTIPOLYGON(((145.131973 -38.131114,145.132073 -38.131114,145.132073 -38.131214,145.131973 -38.131214,145.131973 -38.131114)),((145.147821 -38.122166,145.147921 -38.122166,145.147921 -38.122265999999996,145.147821 -38.122265999999996,145.147821 -38.122166)),((145.183547 -38.088321,145.18364699999998 -38.088321,145.18364699999998 -38.088421,145.183547 -38.088421,145.183547 -38.088321)),((145.126082 -38.056121,145.126182 -38.056121,145.126182 -38.056221,145.126082 -38.056221,145.126082 -38.056121)),((145.125538 -38.041979999999995,145.12563799999998 -38.041979999999995,145.12563799999998 -38.04208,145.125538 -38.04208,145.125538 -38.041979999999995)),((145.134662 -38.031147,145.134762 -38.031147,145.134762 -38.031247,145.134662 -38.031247,145.134662 -38.031147)),((145.13422699999998 -38.029624999999996,145.13432699999998 -38.029624999999996,145.13432699999998 -38.029725,145.13422699999998 -38.029725,145.13422699999998 -38.029624999999996)),((145.159112 -38.027532,145.159112 -38.027632,145.159012 -38.027632,145.159012 -38.027532,145.159112 -38.027532)),((145.083057 -38.001152,145.083057 -38.001252,145.082957 -38.001252,145.082957 -38.001152,145.083057 -38.001152)),((145.090441 -37.98617,145.090541 -37.98617,145.090541 -37.98627,145.090441 -37.98627,145.090441 -37.98617)),((145.167411 -37.973805,145.167511 -37.973805,145.167511 -37.973904999999995,145.167411 -37.973904999999995,145.167411 -37.973805)),((145.14898 -37.970453,145.14908 -37.970453,145.14908 -37.970552999999995,145.14898 -37.970552999999995,145.14898 -37.970453)),((145.067476 -37.966958999999996,145.067476 -37.967059,145.067376 -37.967059,145.067376 -37.966958999999996,145.067476 -37.966958999999996)),((145.181468 -37.958735,145.181468 -37.958835,145.181368 -37.958835,145.181368 -37.958735,145.181468 -37.958735)),((145.08089999999999 -37.953429,145.081 -37.953429,145.081 -37.953528999999996,145.08089999999999 -37.953528999999996,145.08089999999999 -37.953429)),((145.099976 -37.930876,145.100076 -37.930876,145.100076 -37.930976,145.099976 -37.930976,145.099976 -37.930876)),((145.17617199999998 -37.92762,145.17627199999998 -37.92762,145.17627199999998 -37.92772,145.17617199999998 -37.92772,145.17617199999998 -37.92762)),((145.167104 -37.909682,145.167104 -37.909782,145.167004 -37.909782,145.167004 -37.909682,145.167104 -37.909682)),((145.167394 -37.908097,145.167394 -37.908197,145.167294 -37.908197,145.167294 -37.908097,145.167394 -37.908097)),((145.293267 -38.138397,145.293367 -38.138397,145.293367 -38.138497,145.293267 -38.138497,145.293267 -38.138397)),((145.300656 -38.119226999999995,145.300756 -38.119226999999995,145.300756 -38.119327,145.300656 -38.119327,145.300656 -38.119226999999995)),((145.24935399999998 -38.112952,145.249454 -38.112952,145.249454 -38.113051999999996,145.24935399999998 -38.113051999999996,145.24935399999998 -38.112952)),((145.28722399999998 -38.101426,145.28732399999998 -38.101426,145.28732399999998 -38.101526,145.28722399999998 -38.101526,145.28722399999998 -38.101426)),((145.276501 -38.079668,145.276601 -38.079668,145.276601 -38.079768,145.276501 -38.079768,145.276501 -38.079668)),((145.27245399999998 -38.07497,145.27255399999999 -38.07497,145.27255399999999 -38.07507,145.27245399999998 -38.07507,145.27245399999998 -38.07497)),((145.276354 -38.069446,145.276454 -38.069446,145.276454 -38.069545999999995,145.276354 -38.069545999999995,145.276354 -38.069446)),((145.29003799999998 -38.039632999999995,145.29003799999998 -38.039733,145.289938 -38.039733,145.289938 -38.039632999999995,145.29003799999998 -38.039632999999995)),((145.27364799999998 -38.019296,145.27364799999998 -38.019396,145.273548 -38.019396,145.273548 -38.019296,145.27364799999998 -38.019296)),((145.26108499999998 -37.997423,145.26118499999998 -37.997423,145.26118499999998 -37.997523,145.26108499999998 -37.997523,145.26108499999998 -37.997423)),((145.213834 -37.963696,145.213934 -37.963696,145.213934 -37.963795999999995,145.213834 -37.963795999999995,145.213834 -37.963696)),((145.24124 -37.937719,145.24133999999998 -37.937719,145.24133999999998 -37.937819,145.24124 -37.937819,145.24124 -37.937719)),((145.19474499999998 -37.920614,145.19474499999998 -37.920714,145.19464499999998 -37.920714,145.19464499999998 -37.920614,145.19474499999998 -37.920614)),((145.231584 -37.919312,145.231584 -37.919412,145.231484 -37.919412,145.231484 -37.919312,145.231584 -37.919312)),((145.221621 -37.919157999999996,145.221721 -37.919157999999996,145.221721 -37.919258,145.221621 -37.919258,145.221621 -37.919157999999996)),((145.247341 -37.905815,145.24744099999998 -37.905815,145.24744099999998 -37.905915,145.247341 -37.905915,145.247341 -37.905815)),((145.256227 -37.899553999999995,145.256327 -37.899553999999995,145.256327 -37.899654,145.256227 -37.899654,145.256227 -37.899553999999995)),((145.242767 -37.892503,145.242767 -37.892603,145.24266699999998 -37.892603,145.24266699999998 -37.892503,145.242767 -37.892503)),((145.217008 -37.869937,145.217008 -37.870036999999996,145.216908 -37.870036999999996,145.216908 -37.869937,145.217008 -37.869937)))', 7844)),
(89, 'VIC394', ST_GeomFromText('MULTIPOLYGON(((144.97592 -37.843016,144.97592 -37.843115999999995,144.97582 -37.843115999999995,144.97582 -37.843016,144.97592 -37.843016)),((144.975731 -37.842587,144.975631 -37.842587,144.975631 -37.842487,144.975731 -37.842487,144.975731 -37.842587)),((144.939582 -37.841333999999996,144.939482 -37.841333999999996,144.939482 -37.841234,144.939582 -37.841234,144.939582 -37.841333999999996)),((144.974358 -37.838726,144.974358 -37.838826,144.974258 -37.838826,144.974258 -37.838726,144.974358 -37.838726)),((144.976043 -37.838726,144.975943 -37.838726,144.975943 -37.838626,144.976043 -37.838626,144.976043 -37.838726)),((144.967307 -37.83659,144.967207 -37.83659,144.967207 -37.83649,144.967307 -37.83649,144.967307 -37.83659)),((144.96726999999998 -37.836174,144.96726999999998 -37.836273999999996,144.96716999999998 -37.836273999999996,144.96716999999998 -37.836174,144.96726999999998 -37.836174)),((144.973751 -37.835843,144.973651 -37.835843,144.973651 -37.835743,144.973751 -37.835743,144.973751 -37.835843)),((144.974766 -37.835550999999995,144.97466599999998 -37.835550999999995,144.97466599999998 -37.835451,144.974766 -37.835451,144.974766 -37.835550999999995)),((144.951536 -37.832741,144.951536 -37.832840999999995,144.951436 -37.832840999999995,144.951436 -37.832741,144.951536 -37.832741)),((144.952334 -37.832316999999996,144.952234 -37.832316999999996,144.952234 -37.832217,144.952334 -37.832217,144.952334 -37.832316999999996)),((144.97117 -37.831852,144.97107 -37.831852,144.97107 -37.831752,144.97117 -37.831752,144.97117 -37.831852)),((144.971002 -37.831117,144.970902 -37.831117,144.970902 -37.831016999999996,144.971002 -37.831016999999996,144.971002 -37.831117)),((144.944368 -37.829623999999995,144.944368 -37.829724,144.944268 -37.829724,144.944268 -37.829623999999995,144.944368 -37.829623999999995)),((144.969237 -37.829505999999995,144.969137 -37.829505999999995,144.969137 -37.829406,144.969237 -37.829406,144.969237 -37.829505999999995)),((144.95675 -37.827715999999995,144.95665 -37.827715999999995,144.95665 -37.827616,144.95675 -37.827616,144.95675 -37.827715999999995)),((144.958211 -37.82709,144.958211 -37.82719,144.958111 -37.82719,144.958111 -37.82709,144.958211 -37.82709)),((144.95713 -37.826918,144.95703 -37.826918,144.95703 -37.826817999999996,144.95713 -37.826817999999996,144.95713 -37.826918)),((144.959968 -37.826446,144.959868 -37.826446,144.959868 -37.826346,144.959968 -37.826346,144.959968 -37.826446)),((144.959513 -37.826101,144.959513 -37.826201,144.95941299999998 -37.826201,144.95941299999998 -37.826101,144.959513 -37.826101)),((144.96214 -37.825722999999996,144.96204 -37.825722999999996,144.96204 -37.825623,144.96214 -37.825623,144.96214 -37.825722999999996)),((144.963614 -37.824269,144.963514 -37.824269,144.963514 -37.824169,144.963614 -37.824169,144.963614 -37.824269)),((144.962527 -37.821470999999995,144.962527 -37.821571,144.962427 -37.821571,144.962427 -37.821470999999995,144.962527 -37.821470999999995)),((144.991431 -37.91066,144.991331 -37.91066,144.991331 -37.91056,144.991431 -37.91056,144.991431 -37.91066)),((145.000915 -37.903642999999995,145.000815 -37.903642999999995,145.000815 -37.903543,145.000915 -37.903543,145.000915 -37.903642999999995)),((144.993372 -37.895134,144.993372 -37.895233999999995,144.993272 -37.895233999999995,144.993272 -37.895134,144.993372 -37.895134)),((144.99672999999999 -37.887952,144.99662999999998 -37.887952,144.99662999999998 -37.887851999999995,144.99672999999999 -37.887851999999995,144.99672999999999 -37.887952)),((144.998333 -37.884687,144.998233 -37.884687,144.998233 -37.884586999999996,144.998333 -37.884586999999996,144.998333 -37.884687)),((144.979804 -37.862376999999995,144.979804 -37.862477,144.979704 -37.862477,144.979704 -37.862376999999995,144.979804 -37.862376999999995)),((144.97906799999998 -37.859145999999996,144.97896799999998 -37.859145999999996,144.97896799999998 -37.859046,144.97906799999998 -37.859046,144.97906799999998 -37.859145999999996)),((144.981201 -37.852877,144.981101 -37.852877,144.981101 -37.852776999999996,144.981201 -37.852776999999996,144.981201 -37.852877)),((144.97928 -37.852236,144.97928 -37.852336,144.97917999999999 -37.852336,144.97917999999999 -37.852236,144.97928 -37.852236)),((144.979876 -37.849246,144.979776 -37.849246,144.979776 -37.849146,144.979876 -37.849146,144.979876 -37.849246)),((144.97907899999998 -37.847061,144.97897899999998 -37.847061,144.97897899999998 -37.846961,144.97907899999998 -37.846961,144.97907899999998 -37.847061)),((144.97900099999998 -37.846747,144.97900099999998 -37.846847,144.978901 -37.846847,144.978901 -37.846747,144.97900099999998 -37.846747)),((144.979853 -37.84675,144.979753 -37.84675,144.979753 -37.84665,144.979853 -37.84665,144.979853 -37.84675)),((144.979457 -37.845617,144.979357 -37.845617,144.979357 -37.845517,144.979457 -37.845517,144.979457 -37.845617)),((144.98889699999998 -37.844186,144.98889699999998 -37.844286,144.988797 -37.844286,144.988797 -37.844186,144.98889699999998 -37.844186)),((144.976256 -37.844091999999996,144.976156 -37.844091999999996,144.976156 -37.843992,144.976256 -37.843992,144.976256 -37.844091999999996)),((144.978676 -37.843463,144.978576 -37.843463,144.978576 -37.843363,144.978676 -37.843363,144.978676 -37.843463)),((144.976982 -37.841308999999995,144.976882 -37.841308999999995,144.976882 -37.841209,144.976982 -37.841209,144.976982 -37.841308999999995)),((144.997155 -37.839081,144.997055 -37.839081,144.997055 -37.838981,144.997155 -37.838981,144.997155 -37.839081)),((144.976925 -37.838671,144.976825 -37.838671,144.976825 -37.838571,144.976925 -37.838571,144.976925 -37.838671)),((144.997457 -37.836895999999996,144.997357 -37.836895999999996,144.997357 -37.836796,144.997457 -37.836796,144.997457 -37.836895999999996)),((145.013845 -37.967679,145.013745 -37.967679,145.013745 -37.967579,145.013845 -37.967579,145.013845 -37.967679)),((145.04093799999998 -37.962072,145.04093799999998 -37.962171999999995,145.04083799999998 -37.962171999999995,145.04083799999998 -37.962072,145.04093799999998 -37.962072)),((145.038553 -37.958901999999995,145.038453 -37.958901999999995,145.038453 -37.958802,145.038553 -37.958802,145.038553 -37.958901999999995)),((145.039022 -37.951510999999996,145.03892199999999 -37.951510999999996,145.03892199999999 -37.951411,145.039022 -37.951411,145.039022 -37.951510999999996)),((145.035886 -37.945065,145.035886 -37.945164999999996,145.035786 -37.945164999999996,145.035786 -37.945065,145.035886 -37.945065)),((145.004315 -37.942522,145.004215 -37.942522,145.004215 -37.942422,145.004315 -37.942422,145.004315 -37.942522)),((145.03829299999998 -37.935234,145.038193 -37.935234,145.038193 -37.935134,145.03829299999998 -37.935134,145.03829299999998 -37.935234)),((145.016158 -37.931931999999996,145.016158 -37.932032,145.016058 -37.932032,145.016058 -37.931931999999996,145.016158 -37.931931999999996)),((145.003694 -37.930347,145.003594 -37.930347,145.003594 -37.930247,145.003694 -37.930247,145.003694 -37.930347)),((145.007297 -37.904999,145.007197 -37.904999,145.007197 -37.904899,145.007297 -37.904899,145.007297 -37.904999)),((145.009334 -37.896851999999996,145.009334 -37.896952,145.009234 -37.896952,145.009234 -37.896851999999996,145.009334 -37.896851999999996)),((145.015157 -37.891859,145.01505699999998 -37.891859,145.01505699999998 -37.891759,145.015157 -37.891759,145.015157 -37.891859)),((145.04082499999998 -37.87489,145.04072499999998 -37.87489,145.04072499999998 -37.87479,145.04082499999998 -37.87479,145.04082499999998 -37.87489)),((145.005091 -37.866645,145.004991 -37.866645,145.004991 -37.866544999999995,145.005091 -37.866544999999995,145.005091 -37.866645)),((145.040688 -37.860141999999996,145.04058799999999 -37.860141999999996,145.04058799999999 -37.860042,145.040688 -37.860042,145.040688 -37.860141999999996)),((145.029145 -37.859777,145.029145 -37.859877,145.029045 -37.859877,145.029045 -37.859777,145.029145 -37.859777)),((145.00206599999999 -37.8566,145.00196599999998 -37.8566,145.00196599999998 -37.8565,145.00206599999999 -37.8565,145.00206599999999 -37.8566)),((145.034205 -37.855205999999995,145.03410499999998 -37.855205999999995,145.03410499999998 -37.855106,145.034205 -37.855106,145.034205 -37.855205999999995)),((145.045286 -37.853711,145.045286 -37.853811,145.045186 -37.853811,145.045186 -37.853711,145.045286 -37.853711)),((145.04126499999998 -37.838466,145.041165 -37.838466,145.041165 -37.838366,145.04126499999998 -37.838366,145.04126499999998 -37.838466)),((145.034385 -37.827000999999996,145.03428499999998 -37.827000999999996,145.03428499999998 -37.826901,145.034385 -37.826901,145.034385 -37.827000999999996)),((145.042969 -37.826547,145.042969 -37.826647,145.042869 -37.826647,145.042869 -37.826547,145.042969 -37.826547)),((145.0205 -37.812968,145.0204 -37.812968,145.0204 -37.812868,145.0205 -37.812868,145.0205 -37.812968)),((145.027876 -37.802928,145.027776 -37.802928,145.027776 -37.802828,145.027876 -37.802828,145.027876 -37.802928)),((145.066147 -37.986765999999996,145.066147 -37.986866,145.066047 -37.986866,145.066047 -37.986765999999996,145.066147 -37.986765999999996)),((145.06548899999999 -37.981078,145.06538899999998 -37.981078,145.06538899999998 -37.980978,145.06548899999999 -37.980978,145.06548899999999 -37.981078)),((145.05526899999998 -37.956557,145.055169 -37.956557,145.055169 -37.956457,145.05526899999998 -37.956457,145.05526899999998 -37.956557)),((145.066711 -37.953627,145.066711 -37.953727,145.066611 -37.953727,145.066611 -37.953627,145.066711 -37.953627)),((145.050401 -37.925765,145.050301 -37.925765,145.050301 -37.925664999999995,145.050401 -37.925664999999995,145.050401 -37.925765)),((145.128122 -37.911694,145.128022 -37.911694,145.128022 -37.911594,145.128122 -37.911594,145.128122 -37.911694)),((145.050269 -37.909099,145.050269 -37.909199,145.05016899999998 -37.909199,145.05016899999998 -37.909099,145.050269 -37.909099)),((145.06374399999999 -37.897177,145.06364399999998 -37.897177,145.06364399999998 -37.897076999999996,145.06374399999999 -37.897076999999996,145.06374399999999 -37.897177)),((145.08066599999998 -37.887732,145.080566 -37.887732,145.080566 -37.887631999999996,145.08066599999998 -37.887631999999996,145.08066599999998 -37.887732)),((145.098329 -37.883457,145.098329 -37.883556999999996,145.098229 -37.883556999999996,145.098229 -37.883457,145.098329 -37.883457)),((145.138378 -37.88012,145.13827799999999 -37.88012,145.13827799999999 -37.88002,145.138378 -37.88002,145.138378 -37.88012)),((145.047537 -37.876092,145.047437 -37.876092,145.047437 -37.875992,145.047537 -37.875992,145.047537 -37.876092)),((145.09788 -37.872515,145.09788 -37.872614999999996,145.09778 -37.872614999999996,145.09778 -37.872515,145.09788 -37.872515)),((145.10396599999999 -37.868204999999996,145.10386599999998 -37.868204999999996,145.10386599999998 -37.868105,145.10396599999999 -37.868105,145.10396599999999 -37.868204999999996)),((145.107303 -37.859348,145.107203 -37.859348,145.107203 -37.859248,145.107303 -37.859248,145.107303 -37.859348)),((145.052964 -37.856741,145.052964 -37.856840999999996,145.052864 -37.856840999999996,145.052864 -37.856741,145.052964 -37.856741)),((145.07387 -37.838097,145.07377 -37.838097,145.07377 -37.837997,145.07387 -37.837997,145.07387 -37.838097)),((145.09402699999998 -37.836247,145.09392699999998 -37.836247,145.09392699999998 -37.836147,145.09402699999998 -37.836147,145.09402699999998 -37.836247)),((145.045404 -37.829941,145.045304 -37.829941,145.045304 -37.829841,145.045404 -37.829841,145.045404 -37.829941)),((145.08381 -37.824183,145.08371 -37.824183,145.08371 -37.824083,145.08381 -37.824083,145.08381 -37.824183)),((145.061092 -37.822610999999995,145.060992 -37.822610999999995,145.060992 -37.822511,145.061092 -37.822511,145.061092 -37.822610999999995)),((145.09237299999998 -37.786398,145.092273 -37.786398,145.092273 -37.786297999999995,145.09237299999998 -37.786297999999995,145.09237299999998 -37.786398)))', 7844)),
(90, 'VIC395', ST_GeomFromText('MULTIPOLYGON(((144.730278 -37.908042,144.730378 -37.908042,144.730378 -37.908142,144.730278 -37.908142,144.730278 -37.908042)),((144.637335 -37.907604,144.63743499999998 -37.907604,144.63743499999998 -37.907703999999995,144.637335 -37.907703999999995,144.637335 -37.907604)),((144.75300199999998 -37.898937,144.75310199999998 -37.898937,144.75310199999998 -37.899037,144.75300199999998 -37.899037,144.75300199999998 -37.898937)),((144.662451 -37.89777,144.662551 -37.89777,144.662551 -37.89787,144.662451 -37.89787,144.662451 -37.89777)),((144.6195 -37.897422999999996,144.6196 -37.897422999999996,144.6196 -37.897523,144.6195 -37.897523,144.6195 -37.897422999999996)),((144.584047 -37.890305999999995,144.584147 -37.890305999999995,144.584147 -37.890406,144.584047 -37.890406,144.584047 -37.890305999999995)),((144.665889 -37.886123999999995,144.665989 -37.886123999999995,144.665989 -37.886224,144.665889 -37.886224,144.665889 -37.886123999999995)),((144.61172299999998 -37.885349,144.611823 -37.885349,144.611823 -37.885449,144.61172299999998 -37.885449,144.61172299999998 -37.885349)),((144.58279199999998 -37.863904999999995,144.582892 -37.863904999999995,144.582892 -37.864005,144.58279199999998 -37.864005,144.58279199999998 -37.863904999999995)),((144.691685 -37.840536,144.69178499999998 -37.840536,144.69178499999998 -37.840635999999996,144.691685 -37.840635999999996,144.691685 -37.840536)),((144.760548 -37.769324999999995,144.760648 -37.769324999999995,144.760648 -37.769425,144.760548 -37.769425,144.760548 -37.769324999999995)),((144.76384299999998 -37.735552,144.76394299999998 -37.735552,144.76394299999998 -37.735652,144.76384299999998 -37.735652,144.76384299999998 -37.735552)),((144.74119 -37.723546999999996,144.74129 -37.723546999999996,144.74129 -37.723647,144.74119 -37.723647,144.74119 -37.723546999999996)),((144.751614 -37.721593,144.751714 -37.721593,144.751714 -37.721692999999995,144.751614 -37.721692999999995,144.751614 -37.721593)),((144.73447 -37.718564,144.73457 -37.718564,144.73457 -37.718664,144.73447 -37.718664,144.73447 -37.718564)),((144.713611 -37.693827,144.713711 -37.693827,144.713711 -37.693926999999995,144.713611 -37.693926999999995,144.713611 -37.693827)),((144.764746 -37.906293,144.764846 -37.906293,144.764846 -37.906393,144.764746 -37.906393,144.764746 -37.906293)),((144.767588 -37.906231,144.767688 -37.906231,144.767688 -37.906331,144.767588 -37.906331,144.767588 -37.906231)),((144.78536 -37.870644,144.78546 -37.870644,144.78546 -37.870743999999995,144.78536 -37.870743999999995,144.78536 -37.870644)),((144.908107 -37.864475,144.908207 -37.864475,144.908207 -37.864574999999995,144.908107 -37.864574999999995,144.908107 -37.864475)),((144.766946 -37.860901,144.767046 -37.860901,144.767046 -37.861001,144.766946 -37.861001,144.766946 -37.860901)),((144.77219399999998 -37.860600999999996,144.772294 -37.860600999999996,144.772294 -37.860701,144.77219399999998 -37.860701,144.77219399999998 -37.860600999999996)),((144.835536 -37.830819999999996,144.835636 -37.830819999999996,144.835636 -37.83092,144.835536 -37.83092,144.835536 -37.830819999999996)),((144.902548 -37.798831,144.902648 -37.798831,144.902648 -37.798930999999996,144.902548 -37.798930999999996,144.902548 -37.798831)),((144.888946 -37.795159,144.889046 -37.795159,144.889046 -37.795259,144.888946 -37.795259,144.888946 -37.795159)),((144.809416 -37.792002,144.809516 -37.792002,144.809516 -37.792102,144.809416 -37.792102,144.809416 -37.792002)),((144.789381 -37.791494,144.789481 -37.791494,144.789481 -37.791593999999996,144.789381 -37.791593999999996,144.789381 -37.791494)),((144.88181799999998 -37.790769,144.88191799999998 -37.790769,144.88191799999998 -37.790869,144.88181799999998 -37.790869,144.88181799999998 -37.790769)),((144.764122 -37.777653,144.764222 -37.777653,144.764222 -37.777753,144.764122 -37.777753,144.764122 -37.777653)),((144.826526 -37.752172,144.826626 -37.752172,144.826626 -37.752272,144.826526 -37.752272,144.826526 -37.752172)),((144.779698 -37.706682,144.779798 -37.706682,144.779798 -37.706782,144.779698 -37.706782,144.779698 -37.706682)),((144.878986 -37.694064999999995,144.879086 -37.694064999999995,144.879086 -37.694165,144.878986 -37.694165,144.878986 -37.694064999999995)))', 7844)),
(91, 'VIC396', ST_GeomFromText('MULTIPOLYGON(((144.97898999999998 -38.469550999999996,144.97908999999999 -38.469550999999996,144.97908999999999 -38.469651,144.97898999999998 -38.469651,144.97898999999998 -38.469550999999996)),((144.91241399999998 -38.379377999999996,144.912514 -38.379377999999996,144.912514 -38.379478,144.91241399999998 -38.379478,144.91241399999998 -38.379377999999996)),((144.922199 -38.37555,144.92229899999998 -38.37555,144.92229899999998 -38.37565,144.922199 -38.37565,144.922199 -38.37555)),((144.924451 -38.373146,144.924451 -38.373246,144.924351 -38.373246,144.924351 -38.373146,144.924451 -38.373146)),((144.773055 -38.372054999999996,144.773055 -38.372155,144.772955 -38.372155,144.772955 -38.372054999999996,144.773055 -38.372054999999996)),((144.880565 -38.370146,144.880665 -38.370146,144.880665 -38.370246,144.880565 -38.370246,144.880565 -38.370146)),((145.018532 -38.369046,145.018532 -38.369146,145.018432 -38.369146,145.018432 -38.369046,145.018532 -38.369046)),((144.76058799999998 -38.364929,144.76058799999998 -38.365029,144.76048799999998 -38.365029,144.76048799999998 -38.364929,144.76058799999998 -38.364929)),((144.736074 -38.344051,144.736174 -38.344051,144.736174 -38.344151,144.736074 -38.344151,144.736074 -38.344051)),((144.73379599999998 -38.337725,144.73379599999998 -38.337824999999995,144.73369599999998 -38.337824999999995,144.73369599999998 -38.337725,144.73379599999998 -38.337725)),((144.96916 -38.336219,144.96916 -38.336318999999996,144.96905999999998 -38.336318999999996,144.96905999999998 -38.336219,144.96916 -38.336219)),((144.709056 -38.330767,144.709156 -38.330767,144.709156 -38.330867,144.709056 -38.330867,144.709056 -38.330767)),((145.189587 -38.315371999999996,145.189587 -38.315472,145.18948699999999 -38.315472,145.18948699999999 -38.315371999999996,145.189587 -38.315371999999996)),((145.043299 -38.248069,145.043299 -38.248169,145.043199 -38.248169,145.043199 -38.248069,145.043299 -38.248069)),((145.236213 -38.195976,145.236313 -38.195976,145.236313 -38.196076,145.236213 -38.196076,145.236213 -38.195976)),((145.17753199999999 -38.154922,145.17753199999999 -38.155021999999995,145.17743199999998 -38.155021999999995,145.17743199999998 -38.154922,145.17753199999999 -38.154922)),((145.788953 -38.679223,145.788953 -38.679323,145.788853 -38.679323,145.788853 -38.679223,145.788953 -38.679223)),((145.59822 -38.593405,145.59832 -38.593405,145.59832 -38.593505,145.59822 -38.593505,145.59822 -38.593405)),((145.27736299999998 -38.506754,145.27736299999998 -38.506854,145.277263 -38.506854,145.277263 -38.506754,145.27736299999998 -38.506754)),((145.83105999999998 -38.440076,145.83105999999998 -38.440176,145.83096 -38.440176,145.83096 -38.440076,145.83105999999998 -38.440076)),((145.932985 -38.158868,145.933085 -38.158868,145.933085 -38.158968,145.932985 -38.158968,145.932985 -38.158868)),((145.766019 -38.109981,145.766019 -38.110081,145.765919 -38.110081,145.765919 -38.109981,145.766019 -38.109981)),((145.568869 -38.08407,145.568869 -38.08417,145.568769 -38.08417,145.568769 -38.08407,145.568869 -38.08407)),((145.478015 -38.079322,145.478115 -38.079322,145.478115 -38.079422,145.478015 -38.079422,145.478015 -38.079322)),((145.420558 -38.076293,145.420658 -38.076293,145.420658 -38.076392999999996,145.420558 -38.076392999999996,145.420558 -38.076293)),((145.487431 -38.072773,145.487531 -38.072773,145.487531 -38.072873,145.487431 -38.072873,145.487431 -38.072773)),((145.427211 -38.062881,145.427211 -38.062981,145.427111 -38.062981,145.427111 -38.062881,145.427211 -38.062881)),((145.49601099999998 -38.055634,145.49601099999998 -38.055734,145.495911 -38.055734,145.495911 -38.055634,145.49601099999998 -38.055634)),((145.356042 -37.970825999999995,145.356142 -37.970825999999995,145.356142 -37.970926,145.356042 -37.970926,145.356042 -37.970825999999995)),((145.35687199999998 -37.930996,145.35687199999998 -37.931096,145.356772 -37.931096,145.356772 -37.930996,145.35687199999998 -37.930996)),((145.464741 -37.814111,145.464741 -37.814211,145.464641 -37.814211,145.464641 -37.814111,145.464741 -37.814111)),((145.37539999999998 -37.800849,145.3755 -37.800849,145.3755 -37.800948999999996,145.37539999999998 -37.800948999999996,145.37539999999998 -37.800849)),((145.936323 -38.472145999999995,145.936323 -38.472246,145.93622299999998 -38.472246,145.93622299999998 -38.472145999999995,145.936323 -38.472145999999995)),((146.347334 -38.304435,146.347334 -38.304535,146.347234 -38.304535,146.347234 -38.304435,146.347334 -38.304435)),((146.44349 -38.239422,146.44359 -38.239422,146.44359 -38.239522,146.44349 -38.239522,146.44349 -38.239422)),((146.42883999999998 -38.219817,146.42883999999998 -38.219916999999995,146.42874 -38.219916999999995,146.42874 -38.219817,146.42883999999998 -38.219817)),((146.158097 -38.219342,146.158097 -38.219442,146.157997 -38.219442,146.157997 -38.219342,146.158097 -38.219342)),((146.522244 -38.208953,146.522344 -38.208953,146.522344 -38.209053,146.522244 -38.209053,146.522244 -38.208953)),((146.565372 -38.199403,146.565372 -38.199503,146.565272 -38.199503,146.565272 -38.199403,146.565372 -38.199403)),((146.506722 -38.199335,146.506722 -38.199435,146.506622 -38.199435,146.506622 -38.199335,146.506722 -38.199335)),((146.56646999999998 -38.191387999999996,146.56656999999998 -38.191387999999996,146.56656999999998 -38.191488,146.56646999999998 -38.191488,146.56646999999998 -38.191387999999996)),((146.54478699999999 -38.181754,146.54478699999999 -38.181854,146.54468699999998 -38.181854,146.54468699999998 -38.181754,146.54478699999999 -38.181754)),((147.062696 -38.104306,147.062696 -38.104406,147.06259599999998 -38.104406,147.06259599999998 -38.104306,147.062696 -38.104306)),((147.059474 -38.10049,147.059574 -38.10049,147.059574 -38.10059,147.059474 -38.10059,147.059474 -38.10049)),((147.637888 -37.825305,147.637888 -37.825404999999996,147.637788 -37.825404999999996,147.637788 -37.825305,147.637888 -37.825305)),((147.597538 -37.823541999999996,147.597538 -37.823642,147.59743799999998 -37.823642,147.59743799999998 -37.823541999999996,147.597538 -37.823541999999996)))', 7844)),
(92, 'VIC397', ST_GeomFromText('MULTIPOLYGON(((145.121909 -37.843244,145.122009 -37.843244,145.122009 -37.843343999999995,145.121909 -37.843343999999995,145.121909 -37.843244)),((145.110951 -37.842465,145.111051 -37.842465,145.111051 -37.842565,145.110951 -37.842565,145.110951 -37.842465)),((145.11677799999998 -37.817814999999996,145.11687799999999 -37.817814999999996,145.11687799999999 -37.817915,145.11677799999998 -37.817915,145.11677799999998 -37.817814999999996)),((145.12301 -37.816046,145.12311 -37.816046,145.12311 -37.816145999999996,145.12301 -37.816145999999996,145.12301 -37.816046)),((145.115324 -37.809633,145.115424 -37.809633,145.115424 -37.809733,145.115324 -37.809733,145.115324 -37.809633)),((145.14753199999998 -37.786136,145.147632 -37.786136,145.147632 -37.786235999999995,145.14753199999998 -37.786235999999995,145.14753199999998 -37.786136)),((145.131594 -37.775296999999995,145.13169399999998 -37.775296999999995,145.13169399999998 -37.775397,145.131594 -37.775397,145.131594 -37.775296999999995)),((145.046801 -37.772652,145.046801 -37.772752,145.04670099999998 -37.772752,145.04670099999998 -37.772652,145.046801 -37.772652)),((145.057389 -37.769256999999996,145.057389 -37.769357,145.057289 -37.769357,145.057289 -37.769256999999996,145.057389 -37.769256999999996)),((145.095484 -37.768642,145.095584 -37.768642,145.095584 -37.768741999999996,145.095484 -37.768741999999996,145.095484 -37.768642)),((145.05489799999998 -37.741934,145.05499799999998 -37.741934,145.05499799999998 -37.742034,145.05489799999998 -37.742034,145.05489799999998 -37.741934)),((145.044826 -37.739185,145.044926 -37.739185,145.044926 -37.739284999999995,145.044826 -37.739284999999995,145.044826 -37.739185)),((145.059853 -37.734122,145.059953 -37.734122,145.059953 -37.734221999999995,145.059853 -37.734221999999995,145.059853 -37.734122)),((145.027852 -37.71411,145.027952 -37.71411,145.027952 -37.71421,145.027852 -37.71421,145.027852 -37.71411)),((145.056413 -37.713336999999996,145.056513 -37.713336999999996,145.056513 -37.713437,145.056413 -37.713437,145.056413 -37.713336999999996)),((145.082088 -37.710408,145.082188 -37.710408,145.082188 -37.710508,145.082088 -37.710508,145.082088 -37.710408)),((145.085838 -37.647815,145.085838 -37.647915,145.085738 -37.647915,145.085738 -37.647815,145.085838 -37.647815)),((145.052742 -37.640709,145.052742 -37.640809,145.052642 -37.640809,145.052642 -37.640709,145.052742 -37.640709)),((145.064169 -37.637029,145.064269 -37.637029,145.064269 -37.637129,145.064169 -37.637129,145.064169 -37.637029)),((145.27709099999998 -37.883286999999996,145.277191 -37.883286999999996,145.277191 -37.883387,145.27709099999998 -37.883387,145.27709099999998 -37.883286999999996)),((145.275174 -37.864965999999995,145.275274 -37.864965999999995,145.275274 -37.865066,145.275174 -37.865066,145.275174 -37.864965999999995)),((145.229663 -37.854409,145.229763 -37.854409,145.229763 -37.854509,145.229663 -37.854509,145.229663 -37.854409)),((145.227171 -37.853570999999995,145.227271 -37.853570999999995,145.227271 -37.853671,145.227171 -37.853671,145.227171 -37.853570999999995)),((145.270016 -37.845884,145.270116 -37.845884,145.270116 -37.845984,145.270016 -37.845984,145.270016 -37.845884)),((145.264375 -37.843281,145.264475 -37.843281,145.264475 -37.843381,145.264375 -37.843381,145.264375 -37.843281)),((145.194596 -37.83759,145.194596 -37.837689999999995,145.194496 -37.837689999999995,145.194496 -37.83759,145.194596 -37.83759)),((145.26797 -37.833611999999995,145.26797 -37.833712,145.26787 -37.833712,145.26787 -37.833611999999995,145.26797 -37.833611999999995)),((145.259314 -37.824711,145.259414 -37.824711,145.259414 -37.824811,145.259314 -37.824811,145.259314 -37.824711)),((145.309699 -37.806993999999996,145.309799 -37.806993999999996,145.309799 -37.807094,145.309699 -37.807094,145.309699 -37.806993999999996)),((145.23004899999998 -37.805273,145.23014899999998 -37.805273,145.23014899999998 -37.805372999999996,145.23004899999998 -37.805372999999996,145.23004899999998 -37.805273)),((145.152591 -37.801569,145.152591 -37.801669,145.152491 -37.801669,145.152491 -37.801569,145.152591 -37.801569)),((145.280596 -37.799462999999996,145.280596 -37.799563,145.280496 -37.799563,145.280496 -37.799462999999996,145.280596 -37.799462999999996)),((145.252601 -37.777353,145.252701 -37.777353,145.252701 -37.777453,145.252601 -37.777453,145.252601 -37.777353)),((145.149527 -37.773191,145.14962699999998 -37.773191,145.14962699999998 -37.773291,145.149527 -37.773291,145.149527 -37.773191)),((145.158186 -37.753544,145.158286 -37.753544,145.158286 -37.753644,145.158186 -37.753644,145.158186 -37.753544)),((145.148358 -37.719007,145.148358 -37.719107,145.148258 -37.719107,145.148258 -37.719007,145.148358 -37.719007)),((145.160463 -37.716024,145.160463 -37.716124,145.160363 -37.716124,145.160363 -37.716024,145.160463 -37.716024)))', 7844)),
(93, 'VIC398', ST_GeomFromText('MULTIPOLYGON(((144.938064 -37.815270999999996,144.938064 -37.815371,144.937964 -37.815371,144.937964 -37.815270999999996,144.938064 -37.815270999999996)),((144.944629 -37.805417999999996,144.944529 -37.805417999999996,144.944529 -37.805318,144.944629 -37.805318,144.944629 -37.805417999999996)),((144.943708 -37.798415999999996,144.943708 -37.798516,144.94360799999998 -37.798516,144.94360799999998 -37.798415999999996,144.943708 -37.798415999999996)),((144.93724699999999 -37.786953,144.93714699999998 -37.786953,144.93714699999998 -37.786853,144.93724699999999 -37.786853,144.93724699999999 -37.786953)),((144.91619699999998 -37.782419,144.91609699999998 -37.782419,144.91609699999998 -37.782319,144.91619699999998 -37.782319,144.91619699999998 -37.782419)),((144.939434 -37.77964,144.939434 -37.77974,144.939334 -37.77974,144.939334 -37.77964,144.939434 -37.77964)),((144.910155 -37.778665,144.910055 -37.778665,144.910055 -37.778565,144.910155 -37.778565,144.910155 -37.778665)),((144.937092 -37.759754,144.936992 -37.759754,144.936992 -37.759654,144.937092 -37.759654,144.937092 -37.759754)),((144.928533 -37.758776,144.928533 -37.758876,144.92843299999998 -37.758876,144.92843299999998 -37.758776,144.928533 -37.758776)),((144.92647599999998 -37.730456,144.926376 -37.730456,144.926376 -37.730356,144.92647599999998 -37.730356,144.92647599999998 -37.730456)),((144.926089 -37.727574,144.925989 -37.727574,144.925989 -37.727474,144.926089 -37.727474,144.926089 -37.727574)),((144.916184 -37.721962999999995,144.916184 -37.722063,144.91608399999998 -37.722063,144.91608399999998 -37.721962999999995,144.916184 -37.721962999999995)),((144.916431 -37.72175,144.91633099999999 -37.72175,144.91633099999999 -37.72165,144.916431 -37.72165,144.916431 -37.72175)),((144.911746 -37.708517,144.911646 -37.708517,144.911646 -37.708417,144.911746 -37.708417,144.911746 -37.708517)),((144.92755499999998 -37.691599,144.92755499999998 -37.691699,144.92745499999998 -37.691699,144.92745499999998 -37.691599,144.92755499999998 -37.691599)),((144.933879 -37.688711999999995,144.933779 -37.688711999999995,144.933779 -37.688612,144.933879 -37.688612,144.933879 -37.688711999999995)),((144.932381 -37.687939,144.932281 -37.687939,144.932281 -37.687839,144.932381 -37.687839,144.932381 -37.687939)),((144.919388 -37.684208999999996,144.919388 -37.684309,144.919288 -37.684309,144.919288 -37.684208999999996,144.919388 -37.684208999999996)),((144.925526 -37.657997,144.925426 -37.657997,144.925426 -37.657897,144.925526 -37.657897,144.925526 -37.657997)),((144.924837 -37.649798,144.924737 -37.649798,144.924737 -37.649698,144.924837 -37.649698,144.924837 -37.649798)),((144.873132 -37.640637,144.873132 -37.640737,144.873032 -37.640737,144.873032 -37.640637,144.873132 -37.640637)),((144.934201 -37.633033999999995,144.934101 -37.633033999999995,144.934101 -37.632934,144.934201 -37.632934,144.934201 -37.633033999999995)),((144.904033 -37.541678999999995,144.903933 -37.541678999999995,144.903933 -37.541579,144.904033 -37.541579,144.904033 -37.541678999999995)),((144.940958 -37.530954,144.940958 -37.531054,144.940858 -37.531054,144.940858 -37.530954,144.940958 -37.530954)),((144.952573 -37.82273,144.952473 -37.82273,144.952473 -37.82263,144.952573 -37.82263,144.952573 -37.82273)),((144.95449399999998 -37.821591999999995,144.95439399999998 -37.821591999999995,144.95439399999998 -37.821492,144.95449399999998 -37.821492,144.95449399999998 -37.821591999999995)),((144.953567 -37.821221,144.953567 -37.821321,144.953467 -37.821321,144.953467 -37.821221,144.953567 -37.821221)),((144.955511 -37.820799,144.955411 -37.820799,144.955411 -37.820699,144.955511 -37.820699,144.955511 -37.820799)),((144.947022 -37.818342,144.946922 -37.818342,144.946922 -37.818242,144.947022 -37.818242,144.947022 -37.818342)),((144.958031 -37.817690999999996,144.958031 -37.817791,144.957931 -37.817791,144.957931 -37.817690999999996,144.958031 -37.817690999999996)),((144.957201 -37.816946,144.957101 -37.816946,144.957101 -37.816846,144.957201 -37.816846,144.957201 -37.816946)),((144.956372 -37.816038,144.95627199999998 -37.816038,144.95627199999998 -37.815937999999996,144.956372 -37.815937999999996,144.956372 -37.816038)),((144.95313 -37.815521,144.95313 -37.815621,144.95302999999998 -37.815621,144.95302999999998 -37.815521,144.95313 -37.815521)),((144.954137 -37.815489,144.954037 -37.815489,144.954037 -37.815388999999996,144.954137 -37.815388999999996,144.954137 -37.815489)),((144.953471 -37.814530999999995,144.953371 -37.814530999999995,144.953371 -37.814431,144.953471 -37.814431,144.953471 -37.814530999999995)),((144.952533 -37.814167,144.952533 -37.814267,144.95243299999998 -37.814267,144.95243299999998 -37.814167,144.952533 -37.814167)),((144.953328 -37.814085999999996,144.953228 -37.814085999999996,144.953228 -37.813986,144.953328 -37.813986,144.953328 -37.814085999999996)),((144.95406 -37.81319,144.95406 -37.813289999999995,144.95396 -37.813289999999995,144.95396 -37.81319,144.95406 -37.81319)),((144.946194 -37.813241999999995,144.946094 -37.813241999999995,144.946094 -37.813142,144.946194 -37.813142,144.946194 -37.813241999999995)),((144.95156599999999 -37.810998999999995,144.95146599999998 -37.810998999999995,144.95146599999998 -37.810899,144.95156599999999 -37.810899,144.95156599999999 -37.810998999999995)),((144.955189 -37.803146999999996,144.955189 -37.803247,144.955089 -37.803247,144.955089 -37.803146999999996,144.955189 -37.803146999999996)),((144.955477 -37.800487,144.955377 -37.800487,144.955377 -37.800387,144.955477 -37.800387,144.955477 -37.800487)),((144.953297 -37.798746,144.953197 -37.798746,144.953197 -37.798646,144.953297 -37.798646,144.953297 -37.798746)),((144.94612 -37.798124,144.94602 -37.798124,144.94602 -37.798024,144.94612 -37.798024,144.94612 -37.798124)),((144.946349 -37.79687,144.946249 -37.79687,144.946249 -37.796769999999995,144.946349 -37.796769999999995,144.946349 -37.79687)),((144.945699 -37.764115,144.945599 -37.764115,144.945599 -37.764015,144.945699 -37.764015,144.945699 -37.764115)),((144.956919 -37.733823,144.956819 -37.733823,144.956819 -37.733723,144.956919 -37.733723,144.956919 -37.733823)),((144.953451 -37.480778,144.953451 -37.480878,144.953351 -37.480878,144.953351 -37.480778,144.953451 -37.480778)),((144.965703 -37.817800999999996,144.965603 -37.817800999999996,144.965603 -37.817701,144.965703 -37.817701,144.965703 -37.817800999999996)),((144.96581899999998 -37.817616,144.965719 -37.817616,144.965719 -37.817516,144.96581899999998 -37.817516,144.96581899999998 -37.817616)),((144.961647 -37.817479,144.961647 -37.817578999999995,144.961547 -37.817578999999995,144.961547 -37.817479,144.961647 -37.817479)),((144.95922299999998 -37.817205,144.959123 -37.817205,144.959123 -37.817105,144.95922299999998 -37.817105,144.95922299999998 -37.817205)),((144.968009 -37.81311,144.967909 -37.81311,144.967909 -37.81301,144.968009 -37.81301,144.968009 -37.81311)),((144.968863 -37.812753,144.968863 -37.812853,144.968763 -37.812853,144.968763 -37.812753,144.968863 -37.812753)),((144.969014 -37.812368,144.96891399999998 -37.812368,144.96891399999998 -37.812267999999996,144.969014 -37.812267999999996,144.969014 -37.812368)),((144.96070699999999 -37.811552999999996,144.96060699999998 -37.811552999999996,144.96060699999998 -37.811453,144.96070699999999 -37.811453,144.96070699999999 -37.811552999999996)),((144.96775 -37.811267,144.96775 -37.811367,144.96765 -37.811367,144.96765 -37.811267,144.96775 -37.811267)),((144.961262 -37.809411,144.961162 -37.809411,144.961162 -37.809311,144.961262 -37.809311,144.961262 -37.809411)),((144.968522 -37.809131,144.968522 -37.809231,144.968422 -37.809231,144.968422 -37.809131,144.968522 -37.809131)),((144.967359 -37.808847,144.96725899999998 -37.808847,144.96725899999998 -37.808747,144.967359 -37.808747,144.967359 -37.808847)),((144.960784 -37.80838,144.960684 -37.80838,144.960684 -37.808279999999996,144.960784 -37.808279999999996,144.960784 -37.80838)),((144.960569 -37.807911,144.960469 -37.807911,144.960469 -37.807811,144.960569 -37.807811,144.960569 -37.807911)),((144.961014 -37.807818999999995,144.960914 -37.807818999999995,144.960914 -37.807719,144.961014 -37.807719,144.961014 -37.807818999999995)),((144.961964 -37.806272,144.961964 -37.806371999999996,144.961864 -37.806371999999996,144.961864 -37.806272,144.961964 -37.806272)),((144.961888 -37.805684,144.96178799999998 -37.805684,144.96178799999998 -37.805583999999996,144.961888 -37.805583999999996,144.961888 -37.805684)),((144.966871 -37.794303,144.966771 -37.794303,144.966771 -37.794202999999996,144.966871 -37.794202999999996,144.966871 -37.794303)),((144.971055 -37.793036,144.971055 -37.793136,144.970955 -37.793136,144.970955 -37.793036,144.971055 -37.793036)),((144.97312599999998 -37.765014,144.973026 -37.765014,144.973026 -37.764914,144.97312599999998 -37.764914,144.97312599999998 -37.765014)),((144.96919 -37.753555,144.96909 -37.753555,144.96909 -37.753454999999995,144.96919 -37.753454999999995,144.96919 -37.753555)),((144.965968 -37.696021,144.965968 -37.696121,144.965868 -37.696121,144.965868 -37.696021,144.965968 -37.696021)),((144.97384 -37.418032,144.97374 -37.418032,144.97374 -37.417932,144.97384 -37.417932,144.97384 -37.418032)),((144.992928 -37.826806999999995,144.992828 -37.826806999999995,144.992828 -37.826707,144.992928 -37.826707,144.992928 -37.826806999999995)),((145.014199 -37.811709,145.014199 -37.811809,145.014099 -37.811809,145.014099 -37.811709,145.014199 -37.811709)),((145.009571 -37.811643,145.009471 -37.811643,145.009471 -37.811543,145.009571 -37.811543,145.009571 -37.811643)),((144.987221 -37.805844,144.987121 -37.805844,144.987121 -37.805744,144.987221 -37.805744,144.987221 -37.805844)),((144.981854 -37.802687999999996,144.981854 -37.802788,144.981754 -37.802788,144.981754 -37.802687999999996,144.981854 -37.802687999999996)),((144.99776799999998 -37.801176,144.997668 -37.801176,144.997668 -37.801075999999995,144.99776799999998 -37.801075999999995,144.99776799999998 -37.801176)),((144.996784 -37.783093,144.996684 -37.783093,144.996684 -37.782993,144.996784 -37.782993,144.996784 -37.783093)),((144.97531999999998 -37.774344,144.97531999999998 -37.774443999999995,144.97522 -37.774443999999995,144.97522 -37.774344,144.97531999999998 -37.774344)),((145.012259 -37.763932,145.012159 -37.763932,145.012159 -37.763832,145.012259 -37.763832,145.012259 -37.763932)),((144.984334 -37.755196,144.984234 -37.755196,144.984234 -37.755096,144.984334 -37.755096,144.984334 -37.755196)),((145.01493399999998 -37.748160999999996,145.01493399999998 -37.748261,145.014834 -37.748261,145.014834 -37.748160999999996,145.01493399999998 -37.748160999999996)),((145.002463 -37.746494999999996,145.002363 -37.746494999999996,145.002363 -37.746395,145.002463 -37.746395,145.002463 -37.746494999999996)),((144.992978 -37.741318,144.992878 -37.741318,144.992878 -37.741217999999996,144.992978 -37.741217999999996,144.992978 -37.741318)),((145.000302 -37.737992,145.000302 -37.738092,145.000202 -37.738092,145.000202 -37.737992,145.000302 -37.737992)),((145.023617 -37.727354,145.023517 -37.727354,145.023517 -37.727253999999995,145.023617 -37.727253999999995,145.023617 -37.727354)),((145.017428 -37.725967,145.017328 -37.725967,145.017328 -37.725867,145.017428 -37.725867,145.017428 -37.725967)),((145.01967399999998 -37.720662,145.01967399999998 -37.720762,145.019574 -37.720762,145.019574 -37.720662,145.01967399999998 -37.720662)),((144.993383 -37.710684,144.993283 -37.710684,144.993283 -37.710584,144.993383 -37.710584,144.993383 -37.710684)),((144.98440499999998 -37.701933,144.984305 -37.701933,144.984305 -37.701833,144.98440499999998 -37.701833,144.98440499999998 -37.701933)),((145.021302 -37.700171,145.021202 -37.700171,145.021202 -37.700071,145.021302 -37.700071,145.021302 -37.700171)),((145.03286699999998 -37.682746,145.032767 -37.682746,145.032767 -37.682646,145.03286699999998 -37.682646,145.03286699999998 -37.682746)),((145.004886 -37.636886,145.004786 -37.636886,145.004786 -37.636786,145.004886 -37.636786,145.004886 -37.636886)),((144.998122 -37.613898999999996,144.998022 -37.613898999999996,144.998022 -37.613799,144.998122 -37.613799,144.998122 -37.613898999999996)))', 7844)),
(94, 'VIC399', ST_GeomFromText('MULTIPOLYGON(((143.557848 -38.632483,143.55794799999998 -38.632483,143.55794799999998 -38.632583,143.557848 -38.632583,143.557848 -38.632483)),((142.517934 -38.376266,142.518034 -38.376266,142.518034 -38.376366,142.517934 -38.376366,142.517934 -38.376266)),((141.597239 -38.360006,141.597339 -38.360006,141.597339 -38.360106,141.597239 -38.360106,141.597239 -38.360006)),((143.792624 -37.839155999999996,143.792624 -37.839256,143.792524 -37.839256,143.792524 -37.839155999999996,143.792624 -37.839155999999996)),((142.01668899999999 -37.739906,142.01668899999999 -37.740006,142.01658899999998 -37.740006,142.01658899999998 -37.739906,142.01668899999999 -37.739906)),((143.884917 -37.69867,143.885017 -37.69867,143.885017 -37.698769999999996,143.884917 -37.698769999999996,143.884917 -37.69867)),((143.837359 -37.58329,143.837459 -37.58329,143.837459 -37.58339,143.837359 -37.58339,143.837359 -37.58329)),((143.80028 -37.580254,143.80038 -37.580254,143.80038 -37.580354,143.80028 -37.580354,143.80028 -37.580254)),((143.79020599999998 -37.57342,143.79020599999998 -37.573519999999995,143.79010599999998 -37.573519999999995,143.79010599999998 -37.57342,143.79020599999998 -37.57342)),((143.857136 -37.556013,143.857136 -37.556112999999996,143.857036 -37.556112999999996,143.857036 -37.556013,143.857136 -37.556013)),((143.78364 -37.549625999999996,143.78374 -37.549625999999996,143.78374 -37.549726,143.78364 -37.549726,143.78364 -37.549625999999996)),((141.407828 -37.320585,141.407928 -37.320585,141.407928 -37.320685,141.407828 -37.320685,141.407828 -37.320585)),((142.85434 -37.150286,142.85443999999998 -37.150286,142.85443999999998 -37.150386,142.85434 -37.150386,142.85434 -37.150286)),((143.809068 -36.422626,143.809068 -36.422726,143.808968 -36.422726,143.808968 -36.422626,143.809068 -36.422626)),((143.972414 -38.534496,143.972414 -38.534596,143.97231399999998 -38.534596,143.97231399999998 -38.534496,143.972414 -38.534496)),((144.321563 -38.308386999999996,144.321663 -38.308386999999996,144.321663 -38.308487,144.321563 -38.308487,144.321563 -38.308386999999996)),((144.000147 -38.233675999999996,144.000247 -38.233675999999996,144.000247 -38.233776,144.000147 -38.233776,144.000147 -38.233675999999996)),((144.327135 -38.22544,144.327235 -38.22544,144.327235 -38.225539999999995,144.327135 -38.225539999999995,144.327135 -38.22544)),((144.340985 -38.206019999999995,144.340985 -38.20612,144.340885 -38.20612,144.340885 -38.206019999999995,144.340985 -38.206019999999995)),((144.374145 -38.167355,144.374145 -38.167455,144.374045 -38.167455,144.374045 -38.167355,144.374145 -38.167355)),((144.35019499999999 -38.138982,144.350295 -38.138982,144.350295 -38.139081999999995,144.35019499999999 -38.139081999999995,144.35019499999999 -38.138982)),((144.320561 -38.126681,144.320661 -38.126681,144.320661 -38.126781,144.320561 -38.126781,144.320561 -38.126681)),((144.343552 -38.082798,144.343652 -38.082798,144.343652 -38.082898,144.343552 -38.082898,144.343552 -38.082798)),((144.40053799999998 -38.033471,144.40053799999998 -38.033570999999995,144.40043799999998 -38.033570999999995,144.40043799999998 -38.033471,144.40053799999998 -38.033471)),((144.42539499999998 -38.030183,144.42539499999998 -38.030283,144.425295 -38.030283,144.425295 -38.030183,144.42539499999998 -38.030183)),((144.362114 -38.017313,144.362214 -38.017313,144.362214 -38.017413,144.362114 -38.017413,144.362114 -38.017313)),((144.430113 -37.686419,144.43021299999998 -37.686419,144.43021299999998 -37.686519,144.430113 -37.686519,144.430113 -37.686419)),((144.418765 -37.673635999999995,144.41886499999998 -37.673635999999995,144.41886499999998 -37.673736,144.418765 -37.673736,144.418765 -37.673635999999995)),((144.516693 -38.269757,144.516693 -38.269857,144.516593 -38.269857,144.516593 -38.269757,144.516693 -38.269757)),((144.544446 -38.269374,144.544446 -38.269473999999995,144.544346 -38.269473999999995,144.544346 -38.269374,144.544446 -38.269374)),((144.49021299999998 -38.266408999999996,144.490313 -38.266408999999996,144.490313 -38.266509,144.49021299999998 -38.266509,144.49021299999998 -38.266408999999996)),((144.55461599999998 -38.261476,144.55471599999998 -38.261476,144.55471599999998 -38.261576,144.55461599999998 -38.261576,144.55461599999998 -38.261476)),((144.462365 -38.202428999999995,144.46246499999998 -38.202428999999995,144.46246499999998 -38.202529,144.462365 -38.202529,144.462365 -38.202428999999995)),((144.45849099999998 -38.18674,144.45849099999998 -38.18684,144.458391 -38.18684,144.458391 -38.18674,144.45849099999998 -38.18674)),((144.713034 -38.183464,144.713034 -38.183564,144.712934 -38.183564,144.712934 -38.183464,144.713034 -38.183464)),((144.5574 -38.162756,144.5575 -38.162756,144.5575 -38.162856,144.5574 -38.162856,144.5574 -38.162756)),((144.70927 -38.136907,144.70927 -38.137007,144.70917 -38.137007,144.70917 -38.136907,144.70927 -38.136907)),((144.641212 -38.111340999999996,144.641212 -38.111441,144.641112 -38.111441,144.641112 -38.111340999999996,144.641212 -38.111340999999996)),((144.541686 -37.697738,144.541786 -37.697738,144.541786 -37.697838,144.541686 -37.697838,144.541686 -37.697738)),((144.604807 -37.68502,144.604807 -37.68512,144.604707 -37.68512,144.604707 -37.68502,144.604807 -37.68502)),((144.582535 -37.655673,144.582535 -37.655772999999996,144.582435 -37.655772999999996,144.582435 -37.655673,144.582535 -37.655673)))', 7844));
